numero,nom,date_sortie,genre_s
1,TurpisElementumLigula.mp3,11/1/2024,5
2,VelNulla.ppt,4/1/2024,14
3,SitAmetConsectetuer.avi,11/1/2024,10
4,Vitae.mp3,7/1/2024,3
5,NibhFusce.gif,10/1/2024,14
6,IpsumPrimisIn.xls,6/1/2024,14
7,LaciniaSapien.ppt,4/1/2024,3
8,EuEst.mp3,7/1/2024,4
9,Sollicitudin.tiff,1/1/2024,3
10,Eget.pdf,2/1/2024,1
11,SitAmetCursus.mov,10/1/2024,7
12,PurusSit.gif,1/1/2024,13
13,EtiamPretiumIaculis.ppt,1/1/2024,1
14,Curae.xls,10/1/2024,10
15,Amet.avi,10/1/2024,7
16,Sapien.mp3,2/1/2024,5
17,Montes.gif,3/1/2024,5
18,LectusVestibulumQuam.jpeg,2/1/2024,7
19,IdMaurisVulputate.mp3,1/1/2024,14
20,PosuereCubiliaCurae.xls,1/1/2024,2
21,HabitassePlateaDictumst.avi,6/1/2024,4
22,EuMassa.tiff,1/1/2024,12
23,AugueQuam.mp3,1/1/2024,7
24,PulvinarNullaPede.txt,11/1/2024,11
25,PellentesqueQuisquePorta.ppt,4/1/2024,2
26,Proin.avi,10/1/2024,10
27,Luctus.tiff,1/1/2024,7
28,AcTellus.xls,10/1/2024,9
29,InHacHabitasse.pdf,8/1/2024,8
30,One Piece,11/1/2024,6
31,VolutpatInCongue.jpeg,1/1/2024,9
32,ScelerisqueQuamTurpis.jpeg,5/1/2024,14
33,Sem.mp3,3/1/2024,1
34,MattisPulvinar.gif,6/1/2024,9
35,Habitasse.mpeg,8/1/2024,5
36,Donec.mp3,2/1/2024,9
37,CuraeNullaDapibus.ppt,1/1/2024,7
38,TortorIdNulla.avi,5/1/2024,5
39,EstPhasellus.mp3,10/1/2024,1
40,Odio.txt,5/1/2024,3
41,EuMagnaVulputate.xls,11/1/2024,10
42,Sagittis.ppt,1/1/2024,12
43,Eu.tiff,4/1/2024,8
44,Duis.mp3,3/1/2024,11
45,VestibulumAnteIpsum.ppt,2/1/2024,7
46,QuamPede.jpeg,4/1/2024,8
47,A.mp3,2/1/2024,3
48,FaucibusAccumsan.xls,7/1/2024,3
49,IpsumDolor.ppt,10/1/2024,12
50,ErosVestibulum.avi,10/1/2024,7
51,SapienUtNunc.pdf,1/1/2024,4
52,InFaucibusOrci.avi,11/1/2024,2
53,PulvinarSed.tiff,9/1/2024,12
54,Quisque.ppt,9/1/2024,11
55,QuisLiberoNullam.doc,11/1/2024,10
56,PhasellusIdSapien.gif,1/1/2024,1
57,Mauris.xls,2/1/2024,1
58,PosuereCubiliaCurae.avi,11/1/2024,10
59,DapibusAugueVel.ppt,9/1/2024,5
60,AnteIpsumPrimis.ppt,1/1/2024,13
61,NonPretium.png,1/1/2024,8
62,ParturientMontesNascetur.tiff,11/1/2024,5
63,QuisOrci.txt,7/1/2024,13
64,SollicitudinUtSuscipit.txt,11/1/2024,14
65,Ut.tiff,2/1/2024,4
66,LeoMaecenas.jpeg,8/1/2024,5
67,HabitassePlateaDictumst.ppt,5/1/2024,3
68,Ligula.pdf,2/1/2024,3
69,InHac.avi,10/1/2024,8
70,Odio.jpeg,2/1/2024,7
71,SedTincidunt.png,6/1/2024,14
72,Arcu.mpeg,1/1/2024,4
73,BlanditLacinia.png,9/1/2024,1
74,Massa.jpeg,7/1/2024,5
75,Vehicula.xls,11/1/2024,13
76,MolestieLorem.tiff,4/1/2024,4
77,QuisqueEratEros.gif,9/1/2024,5
78,Ricky et Morty,10/1/2024,6
79,SedSagittis.gif,1/1/2024,4
80,Velit.xls,1/1/2024,13
81,DapibusDolor.mp3,9/1/2024,8
82,Orci.mp3,11/1/2024,2
83,VolutpatEleifendDonec.txt,4/1/2024,8
84,BlanditUltrices.ppt,5/1/2024,2
85,NullamSitAmet.mp3,1/1/2024,12
86,Demon Slayer,3/1/2024,6
87,SodalesSed.tiff,9/1/2024,13
88,Hac.pdf,2/1/2024,11
89,AcEstLacinia.ppt,10/1/2024,1
90,IpsumIntegerA.xls,8/1/2024,8
91,VelEstDonec.tiff,7/1/2024,7
92,Non.jpeg,9/1/2024,9
93,EratVestibulumSed.mp3,1/1/2024,11
94,DapibusAugueVel.avi,10/1/2024,3
95,Hac.xls,9/1/2024,4
96,Ut.mp3,5/1/2024,1
97,Duis.mp3,7/1/2024,14
98,MaecenasUt.mp3,9/1/2024,8
99,UtOdioCras.avi,2/1/2024,3
100,MagnaAt.doc,10/1/2024,1
101,Nisl.avi,10/1/2024,13
102,NullaSed.ppt,6/1/2024,13
103,TortorEuPede.mpeg,9/1/2024,5
104,QuamSuspendissePotenti.avi,3/1/2024,7
105,InHac.jpeg,8/1/2024,3
106,DuisBibendum.xls,7/1/2024,9
107,UtNulla.ppt,9/1/2024,12
108,NonSodalesSed.ppt,1/1/2024,14
109,QuamSuspendissePotenti.doc,4/1/2024,4
110,OdioIn.gif,8/1/2024,9
111,AuctorSedTristique.jpeg,7/1/2024,3
112,AnteIpsumPrimis.ppt,3/1/2024,4
113,DisParturient.gif,2/1/2024,3
114,Velit.xls,8/1/2024,7
115,Dragon Ball,11/1/2024,6
116,MaecenasTinciduntLacus.mpeg,10/1/2024,11
117,LaciniaNisi.xls,7/1/2024,10
118,Tempus.ppt,5/1/2024,7
119,InFaucibusOrci.png,6/1/2024,12
120,EleifendLuctus.gif,3/1/2024,3
121,IpsumPrimisIn.jpeg,1/1/2024,12
122,AnteIpsumPrimis.png,9/1/2024,11
123,Ante.ppt,7/1/2024,9
124,DignissimVestibulumVestibulum.pdf,1/1/2024,10
125,SedNisl.mp3,6/1/2024,10
126,Eros.avi,7/1/2024,5
127,SuspendissePotenti.doc,7/1/2024,3
128,SapienUtNunc.xls,6/1/2024,11
129,SemperSapienA.mp3,2/1/2024,10
130,MolestieSed.ppt,1/1/2024,12
131,ErosVestibulumAc.mp3,9/1/2024,4
132,Risus.avi,1/1/2024,3
133,LigulaNec.avi,9/1/2024,13
134,DapibusDolorVel.doc,3/1/2024,11
135,Ut.jpeg,1/1/2024,8
136,Donec.ppt,8/1/2024,4
137,VulputateVitae.mpeg,3/1/2024,9
138,PraesentId.ppt,2/1/2024,3
139,AtNunc.txt,9/1/2024,10
140,LiberoRutrumAc.ppt,11/1/2024,9
141,Lacinia.avi,4/1/2024,12
142,Congue.xls,4/1/2024,7
143,Proin.xls,10/1/2024,11
144,Non.xls,5/1/2024,4
145,Nulla.xls,7/1/2024,7
146,BibendumImperdietNullam.jpeg,4/1/2024,11
147,Consectetuer.doc,1/1/2024,14
148,InLectusPellentesque.xls,2/1/2024,1
149,SapienALibero.tiff,1/1/2024,4
150,EuOrci.xls,5/1/2024,12
151,NullaNunc.jpeg,5/1/2024,12
152,LacusAt.mp3,9/1/2024,5
153,Lectus.pdf,11/1/2024,4
154,Erat.mp3,4/1/2024,13
155,Elementum.xls,3/1/2024,3
156,NonSodales.gif,7/1/2024,3
157,NonQuamNec.avi,2/1/2024,11
158,Leo.tiff,5/1/2024,13
159,MorbiVelLectus.mov,9/1/2024,10
160,InLectus.txt,2/1/2024,9
161,NullaSed.xls,5/1/2024,3
162,Erat.ppt,6/1/2024,12
163,Sociis.xls,1/1/2024,3
164,DuisMattis.gif,3/1/2024,4
165,Nam.xls,6/1/2024,9
166,DuisConsequat.ppt,11/1/2024,10
167,VitaeIpsum.mp3,7/1/2024,10
168,L'Attaque des Titans,10/1/2024,6
169,MagnisDisParturient.mp3,11/1/2024,13
170,NecMolestieSed.xls,10/1/2024,4
171,VehiculaConsequatMorbi.txt,11/1/2024,9
172,Aliquet.doc,11/1/2024,5
173,OdioCondimentum.xls,10/1/2024,8
174,Vivamus.mp3,6/1/2024,11
175,PotentiInEleifend.xls,8/1/2024,9
176,EuTinciduntIn.png,3/1/2024,10
177,Nulla.xls,5/1/2024,9
178,VolutpatInCongue.mov,9/1/2024,14
179,AccumsanTellusNisi.mpeg,1/1/2024,10
180,JustoIn.gif,4/1/2024,13
181,NullaEgetEros.doc,10/1/2024,1
182,EtiamVelAugue.avi,11/1/2024,3
183,PhasellusInFelis.mp3,11/1/2024,1
184,Vel.xls,1/1/2024,10
185,LuctusEt.doc,7/1/2024,14
186,QuamSapien.tiff,8/1/2024,11
187,QuisAugueLuctus.mp3,7/1/2024,2
188,Eget.avi,11/1/2024,2
189,Turpis.txt,1/1/2024,5
190,Nullam.mov,1/1/2024,11
191,SitAmetEros.mov,6/1/2024,14
192,OdioConsequat.ppt,6/1/2024,9
193,PedePosuere.tiff,8/1/2024,3
194,EgestasMetusAenean.avi,7/1/2024,11
195,NamDuiProin.xls,3/1/2024,7
196,IdMassa.ppt,1/1/2024,8
197,VelNulla.mp3,5/1/2024,4
198,RisusSemperPorta.xls,2/1/2024,11
199,OdioCondimentumId.mp3,11/1/2024,3
200,UtMassa.xls,11/1/2024,8
201,JustoNecCondimentum.mpeg,11/1/2024,12
202,One Punch Man,7/1/2024,6
203,Eros.xls,2/1/2024,3
204,Scelerisque.xls,9/1/2024,10
205,Quis.xls,1/1/2024,10
206,SuspendissePotentiCras.avi,10/1/2024,4
207,DonecOdioJusto.xls,6/1/2024,4
208,SollicitudinUt.ppt,11/1/2024,11
209,SociisNatoque.avi,8/1/2024,7
210,EuismodScelerisque.jpeg,10/1/2024,4
211,Foot 2 Rue,1/1/2024,6
212,Elementum.mp3,3/1/2024,11
213,EratQuisqueErat.doc,6/1/2024,11
214,PenatibusEt.ppt,1/1/2024,12
215,InHacHabitasse.mpeg,5/1/2024,12
216,OdioJustoSollicitudin.png,8/1/2024,14
217,VelitVivamusVel.ppt,2/1/2024,9
218,Donec.jpeg,4/1/2024,9
219,IntegerPedeJusto.tiff,3/1/2024,8
220,Hac.tiff,1/1/2024,11
221,Mattis.png,11/1/2024,13
222,NullaEget.xls,5/1/2024,9
223,NatoquePenatibus.xls,11/1/2024,13
224,SitAmetJusto.mp3,9/1/2024,12
225,TortorRisus.mp3,4/1/2024,11
226,CongueRisus.ppt,5/1/2024,8
227,EgetSemper.mp3,1/1/2024,5
228,RhoncusAliquetPulvinar.mpeg,1/1/2024,14
229,MaurisNonLigula.tiff,1/1/2024,13
230,Tincidunt.jpeg,10/1/2024,12
231,NisiVulputateNonummy.jpeg,3/1/2024,9
232,Ipsum.tiff,4/1/2024,13
233,QuamSuspendissePotenti.gif,6/1/2024,5
234,RisusAuctor.ppt,9/1/2024,13
235,Augue.ppt,2/1/2024,4
236,MolestieLoremQuisque.jpeg,4/1/2024,13
237,UtTellus.gif,9/1/2024,10
238,Tristique.jpeg,5/1/2024,11
239,EuNibh.tiff,10/1/2024,5
240,SuspendissePotenti.tiff,9/1/2024,12
241,AFeugiat.pdf,6/1/2024,14
242,SociisNatoque.png,8/1/2024,12
243,OdioOdio.avi,11/1/2024,7
244,CursusUrnaUt.jpeg,8/1/2024,3
245,Blandit.ppt,7/1/2024,5
246,CursusId.mpeg,1/1/2024,1
247,AtIpsum.mpeg,11/1/2024,1
248,DolorVelEst.tiff,11/1/2024,7
249,Tortor.xls,2/1/2024,3
250,Sagittis.ppt,3/1/2024,3
251,Quis.ppt,9/1/2024,4
252,Vulputate.avi,1/1/2024,14
253,UtBlandit.ppt,2/1/2024,1
254,Ut.jpeg,7/1/2024,12
255,RhoncusSed.txt,6/1/2024,9
256,Accumsan.txt,3/1/2024,14
257,TemporTurpisNec.xls,8/1/2024,7
258,NislUt.gif,4/1/2024,7
259,Vestibulum.avi,10/1/2024,12
260,Sapien.ppt,6/1/2024,9
261,OrnareImperdiet.ppt,3/1/2024,11
262,RutrumNequeAenean.ppt,2/1/2024,4
263,Lacus.avi,6/1/2024,14
264,In.ppt,7/1/2024,5
265,Pokemon,9/1/2024,6
266,TurpisAdipiscing.tiff,6/1/2024,13
267,Montes.doc,11/1/2024,9
268,EstEtTempus.mpeg,8/1/2024,14
269,AmetSem.avi,3/1/2024,14
270,Ultrices.jpeg,3/1/2024,4
271,EtCommodo.mpeg,9/1/2024,5
272,MetusSapienUt.avi,1/1/2024,7
273,SitAmet.xls,11/1/2024,10
274,Nibh.jpeg,7/1/2024,11
275,SapienQuis.xls,6/1/2024,1
276,EtUltricesPosuere.xls,1/1/2024,8
277,At.mp3,5/1/2024,13
278,Vel.mp3,1/1/2024,11
279,Sollicitudin.mov,5/1/2024,2
280,CurabiturIn.avi,4/1/2024,14
281,QuamNec.mp3,5/1/2024,4
282,FaucibusOrciLuctus.tiff,8/1/2024,13
283,NuncCommodoPlacerat.mpeg,9/1/2024,7
284,AtDiamNam.ppt,2/1/2024,11
285,Eu.xls,5/1/2024,3
286,Turpis.avi,1/1/2024,1
287,Felis.avi,9/1/2024,8
288,VestibulumAliquetUltrices.ppt,5/1/2024,8
289,BibendumFelisSed.mp3,3/1/2024,9
290,RhoncusAliquam.ppt,2/1/2024,2
291,AcNibhFusce.jpeg,1/1/2024,1
292,DonecVitaeNisi.xls,6/1/2024,4
293,Lobortis.jpeg,2/1/2024,12
294,AtNibh.txt,3/1/2024,11
295,SapienUrna.avi,6/1/2024,2
296,VivamusTortor.avi,11/1/2024,5
297,Mauris.doc,8/1/2024,2
298,Nec.jpeg,1/1/2024,14
299,NequeAenean.avi,3/1/2024,13
300,Ipsum.mov,6/1/2024,13
301,LeoOdio.mpeg,6/1/2024,10
302,Dapibus.xls,7/1/2024,12
303,DiamNamTristique.tiff,11/1/2024,5
304,Elit.xls,1/1/2024,13
305,CongueDiam.ppt,2/1/2024,3
306,Primis.xls,10/1/2024,11
307,Enim.png,3/1/2024,5
308,PraesentLectusVestibulum.xls,7/1/2024,4
309,AtVelitVivamus.avi,9/1/2024,5
310,DiamInMagna.ppt,5/1/2024,8
311,EuFelisFusce.ppt,1/1/2024,7
312,LiberoNullam.jpeg,11/1/2024,4
313,Nibh.mp3,5/1/2024,10
314,ScelerisqueQuam.avi,5/1/2024,13
315,LiberoNonMattis.mp3,10/1/2024,9
316,AugueVestibulumAnte.gif,5/1/2024,4
317,CongueRisusSemper.tiff,8/1/2024,10
318,Et.xls,7/1/2024,8
319,LobortisConvallis.xls,2/1/2024,3
320,Interdum.xls,5/1/2024,11
321,NecMolestieSed.tiff,10/1/2024,5
322,Porttitor.pdf,7/1/2024,1
323,MaurisViverraDiam.txt,11/1/2024,5
324,VestibulumQuam.avi,3/1/2024,12
325,Nisi.ppt,4/1/2024,7
326,AugueASuscipit.avi,9/1/2024,13
327,AcNequeDuis.png,9/1/2024,5
328,IpsumDolorSit.tiff,3/1/2024,3
329,AIpsum.jpeg,9/1/2024,4
330,Lorem.png,2/1/2024,4
331,SagittisDuiVel.mp3,3/1/2024,7
332,Nunc.ppt,3/1/2024,4
333,MassaIdNisl.mp3,1/1/2024,10
334,Duis.avi,7/1/2024,1
335,Nisi.avi,10/1/2024,8
336,Et.ppt,11/1/2024,5
337,SitAmet.mp3,2/1/2024,10
338,Porta.mov,2/1/2024,3
339,DiamInMagna.txt,7/1/2024,5
340,LeoOdioPorttitor.xls,2/1/2024,5
341,Vestibulum.xls,1/1/2024,10
342,At.gif,8/1/2024,12
343,VitaeConsectetuer.mp3,11/1/2024,2
344,MolestieSedJusto.tiff,5/1/2024,4
345,Sapien.mp3,1/1/2024,8
346,MaecenasTinciduntLacus.xls,8/1/2024,7
347,MetusVitaeIpsum.ppt,10/1/2024,4
348,AtNibh.xls,9/1/2024,3
349,Ut.tiff,1/1/2024,14
350,AdipiscingMolestieHendrerit.ppt,4/1/2024,4
351,LectusPellentesque.mpeg,6/1/2024,4
352,SitAmet.ppt,6/1/2024,14
353,MagnisDisParturient.ppt,2/1/2024,12
354,PosuereMetusVitae.jpeg,11/1/2024,3
355,PretiumNisl.mov,8/1/2024,9
356,Lectus.avi,8/1/2024,13
357,Vestibulum.doc,11/1/2024,10
358,SitAmetConsectetuer.jpeg,4/1/2024,8
359,Sodales.jpeg,11/1/2024,4
360,LaciniaEget.gif,9/1/2024,13
361,Curabitur.tiff,8/1/2024,4
362,EleifendPedeLibero.txt,11/1/2024,14
363,Nunc.mpeg,3/1/2024,12
364,FusceLacusPurus.avi,6/1/2024,3
365,HabitassePlateaDictumst.xls,3/1/2024,4
366,PortaVolutpat.mp3,1/1/2024,11
367,InLacus.ppt,7/1/2024,9
368,Magna.ppt,2/1/2024,7
369,TempusSit.mp3,2/1/2024,11
370,ConvallisMorbi.ppt,1/1/2024,14
371,FeugiatNon.xls,2/1/2024,10
372,HacHabitasse.pdf,8/1/2024,2
373,Nisi.mp3,9/1/2024,4
374,American Dad,5/1/2024,6
375,AccumsanFelis.mp3,4/1/2024,9
376,NibhLigulaNec.doc,6/1/2024,11
377,AugueAliquam.ppt,11/1/2024,2
378,Accumsan.xls,4/1/2024,14
379,Varius.ppt,1/1/2024,13
380,NibhIn.avi,5/1/2024,8
381,OrciEgetOrci.xls,10/1/2024,9
382,InLectusPellentesque.mp3,4/1/2024,4
383,Massa.png,9/1/2024,11
384,Natoque.ppt,11/1/2024,4
385,TristiqueTortorEu.gif,10/1/2024,13
386,Nisi.avi,3/1/2024,14
387,Molestie.xls,8/1/2024,4
388,Ipsum.pdf,2/1/2024,8
389,InLibero.avi,10/1/2024,12
390,Sccooby-Doo,9/1/2024,6
391,GravidaNisiAt.mpeg,3/1/2024,14
392,In.gif,8/1/2024,9
393,PhasellusIn.mp3,4/1/2024,12
394,MorbiQuisTortor.mp3,7/1/2024,4
395,Vivamus.png,3/1/2024,2
396,MaecenasPulvinar.avi,3/1/2024,13
397,Totally Spies,10/1/2024,6
398,Morbi.avi,3/1/2024,9
399,Trotro,7/1/2024,6
400,Miraculous,9/1/2024,6
401,UtVolutpat.gif,4/1/2024,4
402,InterdumMauris.mp3,5/1/2024,11
403,SemDuis.avi,4/1/2024,1
404,AmetConsectetuerAdipiscing.ppt,2/1/2024,13
405,Nisl.tiff,4/1/2024,4
406,PellentesqueVolutpat.ppt,5/1/2024,2
407,HacHabitassePlatea.png,4/1/2024,12
408,Quam.mp3,8/1/2024,13
409,Metus.tiff,6/1/2024,11
410,EtUltrices.ppt,2/1/2024,2
411,Potenti.xls,1/1/2024,14
412,IpsumDolorSit.gif,10/1/2024,9
413,QuamTurpis.txt,9/1/2024,11
414,NonMauris.mp3,1/1/2024,10
415,Duis.mpeg,1/1/2024,9
416,EuOrciMauris.ppt,9/1/2024,13
417,EstLacinia.xls,8/1/2024,11
418,EtiamVel.avi,2/1/2024,4
419,PlateaDictumstMaecenas.mp3,1/1/2024,4
420,MorbiUtOdio.jpeg,5/1/2024,9
421,In.png,8/1/2024,9
422,ArcuSed.doc,9/1/2024,8
423,EuFelis.xls,2/1/2024,12
424,Diam.avi,9/1/2024,3
425,Quam.txt,2/1/2024,11
426,CurabiturAt.pdf,8/1/2024,1
427,NonMattisPulvinar.ppt,8/1/2024,4
428,ConvallisDuis.mp3,7/1/2024,14
429,ElitProin.txt,11/1/2024,7
430,LectusIn.jpeg,6/1/2024,5
431,AcEst.png,2/1/2024,9
432,EnimBlanditMi.jpeg,9/1/2024,5
433,Donec.gif,2/1/2024,4
434,In.png,8/1/2024,5
435,Mi.pdf,1/1/2024,5
436,SitAmetErat.ppt,6/1/2024,2
437,NonMaurisMorbi.jpeg,5/1/2024,9
438,Luctus.ppt,6/1/2024,10
439,VolutpatDuiMaecenas.mov,3/1/2024,8
440,Les Octonauts,8/1/2024,6
441,Turpis.gif,6/1/2024,4
442,IntegerNon.pdf,5/1/2024,9
443,SociisNatoque.ppt,10/1/2024,8
444,Diam.pdf,11/1/2024,7
445,Condimentum.xls,2/1/2024,14
446,PulvinarNulla.xls,5/1/2024,4
447,SedLacus.avi,3/1/2024,4
448,Tellus.xls,2/1/2024,4
449,PlaceratPraesentBlandit.ppt,7/1/2024,4
450,Lorem.gif,3/1/2024,14
451,MaecenasRhoncus.ppt,2/1/2024,4
452,Vulputate.avi,2/1/2024,4
453,Vehicula.ppt,11/1/2024,5
454,NequeDuis.xls,2/1/2024,8
455,Posuere.mp3,1/1/2024,8
456,LiberoNon.xls,6/1/2024,14
457,Iaculis.mp3,3/1/2024,5
458,Etiam.avi,4/1/2024,12
459,Lectus.avi,4/1/2024,12
460,Sit.avi,9/1/2024,13
461,AmetEratNulla.xls,11/1/2024,13
462,Sit.avi,8/1/2024,7
463,Fermentum.xls,11/1/2024,1
464,Posuere.txt,4/1/2024,10
465,CondimentumNeque.doc,11/1/2024,5
466,Cubilia.avi,10/1/2024,8
467,Eu.mp3,1/1/2024,13
468,MiNulla.gif,6/1/2024,13
469,Raiponce : la série,4/1/2024,6
470,TinciduntNullaMollis.avi,2/1/2024,2
471,AtNunc.ppt,6/1/2024,2
472,AcNulla.xls,10/1/2024,10
473,UltricesEnimLorem.tiff,1/1/2024,10
474,Adipiscing.avi,2/1/2024,3
475,MaurisEnimLeo.xls,7/1/2024,5
476,ConsectetuerEget.tiff,10/1/2024,1
477,InFaucibusOrci.tiff,3/1/2024,7
478,Consequat.tiff,8/1/2024,12
479,InHacHabitasse.png,2/1/2024,10
480,SapienInSapien.xls,2/1/2024,11
481,CongueElementumIn.txt,8/1/2024,5
482,Vehicula.ppt,3/1/2024,5
483,Nulla.mp3,7/1/2024,12
484,Petit Ours Brun,7/1/2024,6
485,EtUltrices.avi,11/1/2024,10
486,EnimLoremIpsum.tiff,3/1/2024,5
487,At.png,8/1/2024,14
488,Non.gif,2/1/2024,2
489,PretiumIaculis.xls,4/1/2024,2
490,PlateaDictumst.mov,9/1/2024,5
491,QuamTurpis.xls,1/1/2024,2
492,PenatibusEt.mov,9/1/2024,5
493,Nam.tiff,7/1/2024,3
494,Elena D'avalor,8/1/2024,6
495,Ut.jpeg,11/1/2024,12
496,Ipsum.ppt,8/1/2024,10
497,PrimisInFaucibus.png,2/1/2024,9
498,In.mp3,10/1/2024,2
499,MagnaBibendumImperdiet.xls,11/1/2024,7
500,PedeLobortisLigula.tiff,5/1/2024,13
501,HabitassePlatea.png,8/1/2024,4
502,Mi.ppt,3/1/2024,9
503,EtUltrices.ppt,11/1/2024,8
504,Sit.avi,11/1/2024,11
505,Vivamus.ppt,7/1/2024,2
506,Arcu.avi,6/1/2024,5
507,Dui.mp3,9/1/2024,4
508,Varius.ppt,2/1/2024,8
509,AugueQuam.ppt,6/1/2024,13
510,LacusPurus.avi,10/1/2024,14
511,Ac.xls,6/1/2024,11
512,MassaTemporConvallis.png,11/1/2024,3
513,NonQuamNec.xls,10/1/2024,1
514,VolutpatErat.png,4/1/2024,4
515,EuSapien.avi,10/1/2024,9
516,PedeJustoEu.pdf,3/1/2024,1
517,IntegerA.jpeg,2/1/2024,3
518,SapienUrna.avi,9/1/2024,3
519,IntegerAliquet.avi,7/1/2024,9
520,Magnis.tiff,3/1/2024,3
521,South Park,7/1/2024,6
522,Convallis.png,8/1/2024,3
523,Sapien.ppt,9/1/2024,8
524,Donec.avi,11/1/2024,7
525,MagnaAcConsequat.ppt,10/1/2024,4
526,Bob l'éponge,5/1/2024,6
527,Tempus.mov,9/1/2024,2
528,Iaculis.xls,10/1/2024,5
529,TurpisDonecPosuere.mp3,11/1/2024,3
530,Interdum.tiff,8/1/2024,7
531,At.mp3,4/1/2024,12
532,VivamusVestibulum.pdf,4/1/2024,1
533,AdipiscingLoremVitae.pdf,4/1/2024,14
534,SedVestibulum.avi,6/1/2024,12
535,EstEt.xls,3/1/2024,2
536,Tellus.avi,4/1/2024,7
537,NullaMollis.mp3,5/1/2024,8
538,VulputateLuctusCum.tiff,4/1/2024,12
539,IdConsequat.xls,8/1/2024,4
540,AeneanAuctor.jpeg,4/1/2024,5
541,VelitVivamusVel.tiff,1/1/2024,10
542,OdioJustoSollicitudin.gif,1/1/2024,8
543,ImperdietSapienUrna.txt,7/1/2024,11
544,PlateaDictumstMaecenas.avi,10/1/2024,10
545,NecDui.doc,8/1/2024,10
546,InFaucibus.avi,6/1/2024,8
547,PellentesqueUltrices.xls,7/1/2024,5
548,Iaculis.mp3,6/1/2024,11
549,Consequat.ppt,3/1/2024,1
550,UtTellusNulla.mp3,1/1/2024,7
551,SuspendisseOrnareConsequat.txt,4/1/2024,13
552,In.tiff,11/1/2024,10
553,AcNullaSed.pdf,8/1/2024,3
554,MolestieHendrerit.mpeg,11/1/2024,3
555,Phasellus.mp3,8/1/2024,7
556,PulvinarLobortis.avi,9/1/2024,5
557,MassaDonecDapibus.jpeg,4/1/2024,1
558,Dui.xls,6/1/2024,7
559,UltricesAliquetMaecenas.tiff,3/1/2024,1
560,OrciNullam.ppt,5/1/2024,14
561,VivamusVestibulumSagittis.ppt,9/1/2024,3
562,PhasellusId.avi,8/1/2024,8
563,IdLigula.mov,9/1/2024,11
564,NecCondimentumNeque.avi,3/1/2024,9
565,PurusAliquet.mp3,5/1/2024,8
566,Suspendisse.mp3,4/1/2024,14
567,Nisi.jpeg,9/1/2024,3
568,Magnis.mp3,10/1/2024,3
569,OdioConsequatVarius.png,8/1/2024,14
570,Quam.mpeg,2/1/2024,11
571,SemperPorta.xls,7/1/2024,7
572,OrnareConsequatLectus.doc,10/1/2024,9
573,Metus.tiff,4/1/2024,12
574,DonecPharetraMagna.mp3,11/1/2024,8
575,Velit.mp3,11/1/2024,12
576,Quis.xls,1/1/2024,9
577,Sed.xls,2/1/2024,13
578,NamUltrices.mov,3/1/2024,4
579,Magnis.mpeg,9/1/2024,13
580,A.avi,3/1/2024,5
581,SitAmetNulla.avi,1/1/2024,2
582,BibendumImperdietNullam.ppt,4/1/2024,7
583,At.xls,2/1/2024,4
584,PretiumNisl.mov,11/1/2024,4
585,HacHabitasse.doc,9/1/2024,3
586,In.xls,9/1/2024,14
587,Nec.mov,7/1/2024,2
588,MaecenasPulvinarLobortis.xls,10/1/2024,5
589,Cubilia.mp3,10/1/2024,9
590,CubiliaCurae.ppt,9/1/2024,8
591,Natoque.jpeg,7/1/2024,12
592,Eget.mp3,7/1/2024,13
593,VelAugue.tiff,4/1/2024,4
594,UltricesPosuere.ppt,4/1/2024,1
595,Adipiscing.mp3,6/1/2024,13
596,VestibulumVestibulum.xls,6/1/2024,14
597,PraesentLectusVestibulum.ppt,7/1/2024,9
598,Magna.gif,4/1/2024,9
599,EuFelisFusce.ppt,3/1/2024,13
600,Convallis.ppt,5/1/2024,4
601,InEst.avi,1/1/2024,11
602,Odio.avi,5/1/2024,1
603,ASuscipitNulla.avi,11/1/2024,2
604,OrciMaurisLacinia.png,3/1/2024,14
605,SuspendissePotentiNullam.ppt,8/1/2024,14
606,OdioConsequatVarius.ppt,1/1/2024,4
607,EtUltrices.tiff,9/1/2024,12
608,Pharetra.avi,8/1/2024,4
609,DuisConsequatDui.xls,6/1/2024,14
610,SedNisl.avi,2/1/2024,5
611,OrciVehicula.gif,11/1/2024,8
612,Sollicitudin.pdf,10/1/2024,12
613,MaecenasTristiqueEst.ppt,5/1/2024,12
614,AliquetPulvinar.pdf,2/1/2024,5
615,MontesNascetur.ppt,4/1/2024,3
616,AliquamSit.xls,1/1/2024,5
617,FelisSedInterdum.xls,8/1/2024,8
618,Integer.mp3,10/1/2024,10
619,AmetErosSuspendisse.doc,7/1/2024,5
620,Ipsum.txt,10/1/2024,5
621,Eu.mov,7/1/2024,13
622,Mauris.doc,4/1/2024,11
623,SedJusto.avi,9/1/2024,3
624,Nulla.xls,5/1/2024,4
625,Justo.png,5/1/2024,12
626,MaurisLaoreet.xls,5/1/2024,14
627,DuiNec.xls,4/1/2024,1
628,Libero.xls,5/1/2024,12
629,SuspendisseAccumsanTortor.jpeg,4/1/2024,5
630,Nunc.ppt,4/1/2024,8
631,NislNuncNisl.avi,5/1/2024,8
632,SuspendisseAccumsan.jpeg,4/1/2024,14
633,Les Simpson,6/1/2024,6
634,Suscipit.avi,11/1/2024,3
635,RutrumRutrum.ppt,4/1/2024,11
636,Eget.ppt,4/1/2024,14
637,OrciLuctus.avi,11/1/2024,14
638,MaurisNon.ppt,8/1/2024,8
639,EtiamVelAugue.jpeg,1/1/2024,7
640,Ut.avi,7/1/2024,5
641,Est.txt,6/1/2024,9
642,Quis.tiff,4/1/2024,3
643,NislDuisBibendum.ppt,1/1/2024,9
644,SemperPortaVolutpat.avi,3/1/2024,3
645,Nisl.txt,7/1/2024,4
646,InHacHabitasse.mp3,9/1/2024,5
647,SociisNatoque.pdf,6/1/2024,3
648,ArcuAdipiscing.avi,10/1/2024,4
649,CubiliaCurae.gif,10/1/2024,4
650,VolutpatConvallisMorbi.xls,7/1/2024,14
651,PotentiCras.ppt,11/1/2024,14
652,PrimisInFaucibus.avi,7/1/2024,2
653,TemporTurpisNec.mpeg,3/1/2024,12
654,NullamOrciPede.avi,3/1/2024,3
655,Ut.xls,11/1/2024,4
656,AIpsum.avi,10/1/2024,2
657,In.avi,3/1/2024,5
658,Lectus.xls,9/1/2024,8
659,DonecUtDolor.txt,9/1/2024,8
660,Aliquam.mp3,1/1/2024,13
661,LobortisEstPhasellus.jpeg,6/1/2024,3
662,EnimIn.avi,2/1/2024,13
663,Mauris.jpeg,10/1/2024,3
664,LacusMorbi.avi,8/1/2024,14
665,DonecUt.gif,11/1/2024,9
666,PortaVolutpatQuam.avi,11/1/2024,11
667,EgetErosElementum.doc,4/1/2024,2
668,IntegerPedeJusto.mov,10/1/2024,9
669,NullaQuisqueArcu.xls,4/1/2024,2
670,NisiEu.xls,5/1/2024,8
671,Dapibus.tiff,1/1/2024,4
672,Egestas.avi,9/1/2024,7
673,InMagna.avi,7/1/2024,7
674,Curae.jpeg,5/1/2024,13
675,Curabitur.ppt,8/1/2024,10
676,ViverraDiamVitae.xls,1/1/2024,12
677,Fermentum.avi,5/1/2024,3
678,In.doc,3/1/2024,5
679,AnteIpsum.ppt,6/1/2024,8
680,VolutpatSapienArcu.mp3,1/1/2024,5
681,PosuereMetusVitae.mp3,11/1/2024,10
682,PellentesqueQuisquePorta.pdf,4/1/2024,2
683,FuscePosuereFelis.avi,11/1/2024,7
684,NuncDonecQuis.ppt,1/1/2024,4
685,FusceLacus.txt,2/1/2024,3
686,VulputateUt.xls,8/1/2024,10
687,ConvallisNulla.ppt,10/1/2024,12
688,Pulvinar.mp3,8/1/2024,8
689,Molestie.xls,6/1/2024,1
690,Les Sisters,1/1/2024,6
691,Sapien.avi,5/1/2024,4
692,PorttitorId.xls,2/1/2024,3
693,QuisJusto.mp3,2/1/2024,13
694,Luctus.jpeg,7/1/2024,12
695,AtVulputate.gif,8/1/2024,7
696,LuctusEtUltrices.mp3,11/1/2024,14
697,PrimisIn.xls,7/1/2024,3
698,Aliquam.mp3,8/1/2024,9
699,RisusPraesent.mpeg,1/1/2024,9
700,Habitasse.xls,8/1/2024,14
701,EgetNunc.mpeg,7/1/2024,2
702,Aliquet.xls,4/1/2024,11
703,Consequat.pdf,4/1/2024,4
704,Ratz,3/1/2024,6
705,MaecenasUt.avi,10/1/2024,13
706,PurusSit.jpeg,1/1/2024,1
707,AliquetUltrices.mp3,9/1/2024,5
708,TurpisNec.mpeg,4/1/2024,12
709,MaurisSit.mov,7/1/2024,9
710,AcConsequat.mpeg,6/1/2024,2
711,QuisOdio.ppt,7/1/2024,9
712,LuctusEt.avi,10/1/2024,8
713,SemSed.avi,10/1/2024,10
714,Sem.ppt,10/1/2024,1
715,Amet.xls,11/1/2024,12
716,SollicitudinVitae.doc,9/1/2024,4
717,Winx Club,4/1/2024,6
718,DapibusAt.pdf,7/1/2024,11
719,UtSuscipit.png,7/1/2024,12
720,RutrumAc.ppt,9/1/2024,3
721,Inspecteur Gadget,9/1/2024,6
722,Vulputate.mp3,11/1/2024,4
723,NislNunc.xls,6/1/2024,5
724,Lacus.jpeg,3/1/2024,3
725,VelIpsumPraesent.ppt,9/1/2024,4
726,CubiliaCurae.avi,1/1/2024,14
727,FaucibusAccumsan.mpeg,5/1/2024,10
728,UltricesPhasellus.ppt,3/1/2024,13
729,Ultrices.doc,10/1/2024,3
730,In.tiff,11/1/2024,7
731,Les Zinzins de l'espace,5/1/2024,6
732,PedeMorbi.mov,10/1/2024,14
733,PedeAcDiam.jpeg,1/1/2024,11
734,MusVivamus.xls,4/1/2024,2
735,NequeAeneanAuctor.tiff,1/1/2024,10
736,LuctusTinciduntNulla.avi,1/1/2024,8
737,VolutpatErat.jpeg,9/1/2024,8
738,Aliquam.jpeg,6/1/2024,9
739,NibhQuisqueId.ppt,8/1/2024,4
740,FaucibusOrci.mp3,9/1/2024,14
741,Pellentesque.mp3,4/1/2024,9
742,Nulla.xls,9/1/2024,10
743,LectusSuspendisse.mp3,11/1/2024,11
744,Congue.xls,3/1/2024,2
745,EnimInTempor.mov,9/1/2024,13
746,MaecenasTincidunt.ppt,10/1/2024,4
747,LigulaSit.mp3,2/1/2024,1
748,Mauris.avi,4/1/2024,13
749,Nec.tiff,10/1/2024,10
750,Vitae.ppt,6/1/2024,11
751,OrciLuctusEt.jpeg,9/1/2024,7
752,NonummyMaecenas.jpeg,9/1/2024,9
753,DonecSemperSapien.tiff,11/1/2024,4
754,Adipiscing.mp3,11/1/2024,2
755,OrciLuctusEt.xls,8/1/2024,2
756,NonummyMaecenasTincidunt.xls,9/1/2024,2
757,TempusVelPede.gif,10/1/2024,13
758,LaciniaAeneanSit.xls,10/1/2024,1
759,UltricesMattisOdio.jpeg,7/1/2024,8
760,AliquetUltrices.tiff,9/1/2024,3
761,DictumstAliquam.xls,6/1/2024,5
762,OrciLuctusEt.xls,9/1/2024,7
763,Volutpat.xls,5/1/2024,9
764,MagnisDis.xls,10/1/2024,8
765,TurpisAdipiscing.ppt,5/1/2024,4
766,CubiliaCurae.txt,10/1/2024,12
767,MagnaBibendumImperdiet.txt,5/1/2024,12
768,VenenatisLacinia.ppt,9/1/2024,13
769,AmetTurpisElementum.ppt,10/1/2024,4
770,NullaUltricesAliquet.avi,6/1/2024,7
771,SuspendisseOrnare.mp3,2/1/2024,4
772,FaucibusOrci.xls,1/1/2024,4
773,UltricesAliquetMaecenas.avi,7/1/2024,13
774,NullaNislNunc.mpeg,8/1/2024,11
775,APede.mp3,11/1/2024,14
776,LiberoRutrum.mp3,4/1/2024,4
777,Sit.mp3,6/1/2024,11
778,VelitVivamusVel.ppt,6/1/2024,10
779,PedePosuere.xls,8/1/2024,10
780,Proin.ppt,8/1/2024,13
781,Commodo.ppt,3/1/2024,12
782,DiamIdOrnare.xls,9/1/2024,13
783,QuisJusto.tiff,1/1/2024,11
784,SapienVariusUt.avi,6/1/2024,9
785,LuctusTinciduntNulla.ppt,9/1/2024,7
786,RisusSemperPorta.jpeg,6/1/2024,12
787,NamTristique.tiff,4/1/2024,14
788,Turpis.gif,3/1/2024,12
789,Tincidunt.ppt,8/1/2024,1
790,Quam.tiff,11/1/2024,14
791,Mauris.xls,3/1/2024,1
792,HabitassePlateaDictumst.ppt,1/1/2024,1
793,JustoEu.mp3,1/1/2024,13
794,NullaNunc.txt,2/1/2024,13
795,PosuereCubilia.avi,5/1/2024,11
796,NuncDonecQuis.jpeg,11/1/2024,12
797,AmetNulla.ppt,5/1/2024,5
798,EstLacinia.txt,5/1/2024,7
799,MiNullaAc.xls,6/1/2024,1
800,Quam.tiff,8/1/2024,13
801,SemPraesent.xls,6/1/2024,14
802,JustoEtiamPretium.pdf,2/1/2024,13
803,PlateaDictumst.xls,2/1/2024,12
804,PlateaDictumstMaecenas.xls,2/1/2024,4
805,BlanditLaciniaErat.ppt,9/1/2024,14
806,PortaVolutpat.doc,7/1/2024,12
807,BlanditNon.doc,4/1/2024,1
808,InMagnaBibendum.xls,1/1/2024,1
809,EuMagnaVulputate.pdf,11/1/2024,5
810,AliquamQuisTurpis.tiff,3/1/2024,14
811,Lorem.tiff,10/1/2024,11
812,PorttitorLorem.png,7/1/2024,11
813,CommodoPlaceratPraesent.ppt,11/1/2024,9
814,NullamPorttitorLacus.xls,9/1/2024,5
815,TempusSemperEst.tiff,2/1/2024,7
816,Tellus.txt,9/1/2024,4
817,PharetraMagna.jpeg,6/1/2024,5
818,Mauris.jpeg,11/1/2024,2
819,NonVelit.tiff,11/1/2024,3
820,DolorVel.xls,6/1/2024,13
821,LigulaSit.avi,7/1/2024,12
822,BlanditNamNulla.ppt,9/1/2024,7
823,AccumsanOdioCurabitur.avi,4/1/2024,13
824,NullamPorttitorLacus.xls,4/1/2024,9
825,EratFermentumJusto.avi,6/1/2024,7
826,QuamA.ppt,10/1/2024,8
827,NislVenenatis.xls,3/1/2024,2
828,CurabiturConvallis.doc,8/1/2024,10
829,Nascetur.jpeg,5/1/2024,14
830,SociisNatoquePenatibus.xls,3/1/2024,11
831,VestibulumAcEst.mov,5/1/2024,11
832,PlaceratAnte.ppt,9/1/2024,11
833,AmetEleifend.txt,7/1/2024,2
834,Vulputate.avi,9/1/2024,12
835,Non.xls,4/1/2024,3
836,SapienInSapien.avi,6/1/2024,2
837,FermentumJustoNec.ppt,5/1/2024,7
838,Pyjamasques,10/1/2024,6
839,QuamSapien.mpeg,2/1/2024,11
840,FelisEuSapien.doc,4/1/2024,10
841,PlateaDictumstAliquam.tiff,4/1/2024,7
842,NullaEgetEros.avi,4/1/2024,9
843,AnteIpsum.mp3,2/1/2024,12
844,InEleifend.avi,7/1/2024,14
845,NecCondimentumNeque.mp3,2/1/2024,9
846,Montes.gif,1/1/2024,11
847,Pede.avi,8/1/2024,8
848,IntegerA.ppt,1/1/2024,4
849,Pharetra.png,7/1/2024,7
850,QuamPedeLobortis.mp3,6/1/2024,7
851,Eu.mp3,1/1/2024,11
852,EuTincidunt.tiff,9/1/2024,7
853,In.mp3,10/1/2024,7
854,Quisque.mp3,9/1/2024,2
855,FaucibusOrciLuctus.xls,2/1/2024,14
856,Lorem.xls,3/1/2024,10
857,DuiNec.xls,4/1/2024,3
858,PlaceratAnte.xls,4/1/2024,8
859,InLacusCurabitur.pdf,11/1/2024,14
860,VestibulumQuamSapien.ppt,1/1/2024,13
861,Ligula.mpeg,2/1/2024,3
862,IaculisDiamErat.avi,3/1/2024,10
863,Purus.xls,9/1/2024,7
864,AtDolor.ppt,9/1/2024,1
865,OdioIn.ppt,3/1/2024,1
866,Ultrices.ppt,11/1/2024,14
867,Nisi.avi,8/1/2024,2
868,ElementumNullam.mp3,5/1/2024,2
869,NecCondimentum.gif,10/1/2024,14
870,Convallis.pdf,5/1/2024,14
871,EratVestibulumSed.avi,5/1/2024,14
872,PedeLibero.txt,9/1/2024,4
873,MaurisEgetMassa.txt,9/1/2024,1
874,Eu.jpeg,5/1/2024,11
875,OrciNullam.xls,6/1/2024,11
876,AcEnim.jpeg,2/1/2024,4
877,DolorQuis.tiff,11/1/2024,9
878,PraesentLectus.mp3,9/1/2024,12
879,Odio.tiff,7/1/2024,10
880,InterdumVenenatis.doc,1/1/2024,4
881,SedNisl.pdf,4/1/2024,5
882,AmetSapienDignissim.png,5/1/2024,3
883,DuisMattis.doc,3/1/2024,12
884,TempusSemper.gif,10/1/2024,7
885,Morbi.tiff,8/1/2024,12
886,Nisl.xls,7/1/2024,10
887,A.xls,11/1/2024,13
888,NequeVestibulum.xls,8/1/2024,7
889,EstEt.jpeg,7/1/2024,10
890,QuamAOdio.mov,8/1/2024,8
891,TurpisNec.avi,11/1/2024,12
892,OrciLuctus.mp3,10/1/2024,4
893,Ultrices.tiff,5/1/2024,8
894,NibhInQuis.doc,9/1/2024,12
895,AliquamEratVolutpat.mp3,3/1/2024,8
896,NullaDapibus.txt,1/1/2024,7
897,VelitVivamus.mp3,2/1/2024,11
898,PenatibusEt.tiff,5/1/2024,1
899,IdSapienIn.mp3,4/1/2024,2
900,Vitae.mov,6/1/2024,13
901,SitAmetLobortis.ppt,8/1/2024,5
902,Macha et l'ours,2/1/2024,6
903,Nulla.mp3,9/1/2024,10
904,Vitae.ppt,2/1/2024,14
905,NibhQuisqueId.xls,4/1/2024,9
906,Odio.tiff,6/1/2024,2
907,UtSuscipitA.jpeg,8/1/2024,14
908,SodalesSed.avi,7/1/2024,8
909,LeoOdio.ppt,1/1/2024,5
910,Dictumst.avi,8/1/2024,5
911,EnimSit.ppt,10/1/2024,9
912,LacusAt.mov,3/1/2024,3
913,EleifendDonecUt.avi,7/1/2024,2
914,Ridiculus.ppt,4/1/2024,12
915,InLeoMaecenas.png,5/1/2024,1
916,AmetTurpis.mpeg,9/1/2024,5
917,EnimBlanditMi.ppt,5/1/2024,14
918,Accumsan.mp3,5/1/2024,7
919,Vivamus.xls,7/1/2024,2
920,TristiqueIn.avi,6/1/2024,5
921,PretiumQuis.avi,1/1/2024,14
922,TortorSollicitudinMi.gif,10/1/2024,12
923,HabitassePlatea.mov,7/1/2024,11
924,OdioDonec.ppt,6/1/2024,10
925,MattisOdio.avi,3/1/2024,2
926,PlateaDictumstAliquam.mp3,5/1/2024,3
927,Paw Patrol la Pat'Patrouille,4/1/2024,6
928,SitAmet.pdf,7/1/2024,9
929,In.xls,4/1/2024,3
930,PrimisInFaucibus.pdf,4/1/2024,7
931,PortaVolutpatQuam.ppt,9/1/2024,8
932,NullaFacilisi.doc,5/1/2024,10
933,JustoEtiamPretium.mp3,11/1/2024,4
934,Luctus.mp3,6/1/2024,2
935,Ornare.ppt,2/1/2024,5
936,NullamMolestieNibh.xls,10/1/2024,8
937,TortorIdNulla.xls,6/1/2024,13
938,Titeuf,6/1/2024,6
939,TurpisEnimBlandit.doc,11/1/2024,13
940,RutrumNullaTellus.tiff,3/1/2024,3
941,SemperPortaVolutpat.xls,10/1/2024,12
942,EgetEleifendLuctus.tiff,1/1/2024,5
943,Ante.tiff,4/1/2024,3
944,Peppa Pig,6/1/2024,6
945,EleifendPedeLibero.png,11/1/2024,8
946,LeoOdio.avi,2/1/2024,2
947,Interdum.ppt,8/1/2024,1
948,Maecenas.tiff,8/1/2024,14
949,Lectus.doc,9/1/2024,5
950,Mauris.xls,11/1/2024,14
951,Consequat.ppt,7/1/2024,11
952,JustoInBlandit.xls,11/1/2024,9
953,PhasellusInFelis.gif,7/1/2024,10
954,SapienUrnaPretium.xls,1/1/2024,2
955,NullaTellusIn.ppt,3/1/2024,14
956,CondimentumCurabiturIn.ppt,6/1/2024,10
957,EtTempus.mov,4/1/2024,8
958,Semper.tiff,10/1/2024,7
959,Mattis.avi,8/1/2024,1
960,Pellentesque.mp3,5/1/2024,7
961,CongueDiam.jpeg,8/1/2024,5
962,EleifendDonec.jpeg,6/1/2024,8
963,Ultrices.mp3,10/1/2024,4
964,Vulputate.jpeg,5/1/2024,1
965,VelitVivamusVel.avi,2/1/2024,4
966,FelisDonecSemper.txt,3/1/2024,14
967,NonPretium.jpeg,4/1/2024,8
968,InConsequatUt.mpeg,10/1/2024,14
969,UtBlandit.ppt,7/1/2024,9
970,MaurisNon.mpeg,8/1/2024,5
971,PhasellusIdSapien.avi,1/1/2024,7
972,Dapibus.ppt,5/1/2024,9
973,JustoNecCondimentum.jpeg,9/1/2024,8
974,LoremIpsum.xls,5/1/2024,11
975,Pede.ppt,9/1/2024,13
976,RisusDapibusAugue.ppt,5/1/2024,13
977,NisiVulputate.gif,2/1/2024,3
978,Consectetuer.avi,3/1/2024,4
979,IdMassa.gif,7/1/2024,9
980,AliquetPulvinarSed.tiff,1/1/2024,4
981,UltricesVel.avi,9/1/2024,12
982,DapibusDolor.mp3,2/1/2024,14
983,VariusUt.xls,2/1/2024,4
984,EuTinciduntIn.mpeg,10/1/2024,3
985,EgetRutrumAt.mp3,10/1/2024,1
986,AtLoremInteger.avi,9/1/2024,10
987,PretiumIaculisDiam.xls,7/1/2024,11
988,MetusVitaeIpsum.tiff,9/1/2024,5
989,AtIpsum.mp3,2/1/2024,10
990,CuraeDonecPharetra.xls,11/1/2024,7
991,InEleifendQuam.tiff,8/1/2024,10
992,Vestibulum.mp3,7/1/2024,14
993,Nisi.ppt,4/1/2024,13
994,MattisOdioDonec.ppt,9/1/2024,3
995,PlateaDictumstMorbi.jpeg,4/1/2024,3
996,QuisTurpisSed.jpeg,4/1/2024,10
997,AmetConsectetuer.avi,7/1/2024,11
998,Quam.tiff,1/1/2024,1
999,Tellus.tiff,11/1/2024,1
1000,OdioOdioElementum.ppt,10/1/2024,7
