id_utilisateur,login,role,nb_abonnee,nb_abonnement,mot_de_passe,genre,age
1,Roderic,personnes,1,1,Diverse cohesive challenge,M,35
2,Ermanno,clubs,2,2,Grass-roots heuristic secured line,M,39
3,Maud,réalisateurs,3,3,Distributed solution-oriented database,F,79
4,Jobi,acteurs,4,4,Virtual background website,F,78
5,Kean,festivals,5,5,Object-based context-sensitive paradigm,M,35
6,Maryanne,salle de cinéma,6,6,Front-line explicit project,F,66
7,Cort,acteurs,7,7,Down-sized content-based internet solution,M,69
8,Annabal,personnes,8,8,Optimized analyzing hierarchy,F,45
9,Bernice,festivals,9,9,Digitized scalable success,F,53
10,Rocky,réalisateurs,10,10,Cross-platform full-range forecast,M,43
11,Paddie,studios,11,11,Devolved 24 hour capacity,M,59
12,Cooper,festivals,12,12,Persevering 24 hour standardization,M,23
13,Harlen,clubs,13,13,Synchronised logistical structure,M,36
14,Heida,personnes,14,14,Self-enabling modular neural-net,M,35
15,Stanford,réalisateurs,15,15,Programmable incremental collaboration,M,65
16,Jenica,studios,16,16,Business-focused scalable throughput,F,26
17,Fitzgerald,festivals,17,17,Exclusive multimedia complexity,M,20
18,Chiquia,clubs,18,18,Synergistic 24 hour policy,F,45
19,Corey,salle de cinéma,19,19,Cross-group incremental complexity,M,76
20,Fan,festivals,20,20,Synergistic 6th generation ability,F,53
21,Madlen,organisateurs,21,21,Self-enabling radical concept,F,21
22,Frederica,acteurs,22,22,Phased systemic orchestration,F,28
23,Bernie,clubs,23,23,Secured 6th generation circuit,M,55
24,Lilith,salle de cinéma,24,24,Face to face homogeneous benchmark,F,48
25,Der,clubs,25,25,Focused uniform monitoring,M,37
26,Hally,organisateurs,26,26,Ameliorated heuristic support,F,54
27,Ethan,studios,27,27,Down-sized contextually-based standardization,M,18
28,Leanna,personnes,28,28,Universal user-facing capability,F,28
29,Doria,organisateurs,29,29,Self-enabling logistical complexity,F,44
30,Jarrad,acteurs,30,30,Polarised neutral implementation,M,82
31,Wes,clubs,31,31,Innovative logistical implementation,M,56
32,Desdemona,personnes,32,32,Front-line heuristic orchestration,F,20
33,Bernie,acteurs,33,33,Versatile upward-trending productivity,M,19
34,Brnaba,personnes,34,34,Networked multi-state Graphic Interface,M,81
35,Kendrick,festivals,35,35,Up-sized dedicated policy,M,64
36,Read,personnes,36,36,Virtual foreground collaboration,M,70
37,Anitra,clubs,37,37,Automated global flexibility,F,25
38,Phyllis,studios,38,38,Robust interactive standardization,F,60
39,Eugenius,festivals,39,39,Progressive analyzing customer loyalty,M,84
40,Jasun,festivals,40,40,Up-sized tertiary concept,M,66
41,Cahra,acteurs,41,41,Visionary global analyzer,F,38
42,Quincey,salle de cinéma,42,42,Exclusive responsive algorithm,M,44
43,Arlena,clubs,43,43,Balanced intangible migration,F,63
44,Piggy,salle de cinéma,44,44,Progressive motivating parallelism,M,78
45,Katti,réalisateurs,45,45,Fundamental contextually-based installation,F,49
46,Ingrid,salle de cinéma,46,46,Enhanced discrete toolset,F,27
47,Tarrance,organisateurs,47,47,Extended user-facing functionalities,M,81
48,Del,organisateurs,48,48,Reduced didactic capacity,F,45
49,Arnuad,réalisateurs,49,49,Progressive reciprocal capacity,M,64
50,Stanly,clubs,50,50,Synergistic mission-critical groupware,M,63
51,Bernadette,acteurs,51,51,Right-sized disintermediate attitude,F,29
52,Cristy,festivals,52,52,Self-enabling heuristic definition,F,59
53,Ariana,clubs,53,53,Optimized reciprocal focus group,F,24
54,Cordell,clubs,54,54,Fundamental encompassing protocol,M,75
55,Lilli,studios,55,55,Secured zero defect middleware,F,51
56,Wit,salle de cinéma,56,56,Innovative impactful artificial intelligence,M,26
57,Walliw,réalisateurs,57,57,Assimilated static open architecture,F,32
58,Donetta,clubs,58,58,Organized 24 hour benchmark,F,61
59,Nert,organisateurs,59,59,Organic dedicated Graphic Interface,F,42
60,Killy,personnes,60,60,Organized national secured line,M,47
61,Almira,réalisateurs,61,61,Re-engineered holistic analyzer,F,50
62,Con,personnes,62,62,Profound high-level workforce,F,19
63,Jami,acteurs,63,63,Total methodical utilisation,F,26
64,Rog,acteurs,64,64,Configurable human-resource software,M,63
65,Wallas,réalisateurs,65,65,Pre-emptive even-keeled hardware,M,67
66,Harrison,clubs,66,66,Integrated responsive concept,M,62
67,Brendon,clubs,67,67,Public-key human-resource info-mediaries,M,36
68,Maxy,studios,68,68,Assimilated asynchronous info-mediaries,M,39
69,Syman,studios,69,69,Horizontal coherent implementation,M,43
70,Clementine,clubs,70,70,Enterprise-wide user-facing success,F,36
71,Devin,organisateurs,71,71,User-centric static algorithm,M,71
72,Eadmund,festivals,72,72,Sharable responsive website,M,23
73,Matthieu,festivals,73,73,Sharable grid-enabled installation,M,27
74,Ansel,organisateurs,74,74,Virtual empowering archive,M,23
75,Lamond,acteurs,75,75,Reduced explicit interface,M,50
76,Tanner,réalisateurs,76,76,Versatile multi-state emulation,M,80
77,Pammy,studios,77,77,Pre-emptive leading edge hub,F,50
78,Guthrey,clubs,78,78,Managed heuristic standardization,M,73
79,Fidelity,studios,79,79,User-centric scalable matrix,F,77
80,Madlen,studios,80,80,Ergonomic reciprocal intranet,F,81
81,Carlyn,organisateurs,81,81,Programmable logistical emulation,F,68
82,Clim,clubs,82,82,User-centric well-modulated infrastructure,M,73
83,Darrel,studios,83,83,Up-sized bandwidth-monitored initiative,M,61
84,Matilda,organisateurs,84,84,Mandatory fresh-thinking secured line,F,58
85,Berti,organisateurs,85,85,Open-architected global system engine,F,69
86,Sonnnie,clubs,86,86,Virtual fresh-thinking website,F,80
87,Giffer,organisateurs,87,87,Future-proofed zero tolerance function,M,20
88,Salomi,acteurs,88,88,Future-proofed bottom-line productivity,F,20
89,Marcel,salle de cinéma,89,89,Decentralized transitional initiative,M,43
90,Justis,réalisateurs,90,90,Re-engineered zero tolerance workforce,M,80
91,Kayla,studios,91,91,Ameliorated client-server framework,F,22
92,Hamish,acteurs,92,92,Open-architected discrete circuit,M,80
93,Vivia,salle de cinéma,93,93,Proactive leading edge contingency,F,22
94,Mord,réalisateurs,94,94,Synchronised cohesive Graphic Interface,M,42
95,Miof mela,studios,95,95,Virtual tertiary definition,F,29
96,Sol,organisateurs,96,96,Team-oriented analyzing software,M,39
97,Sherill,organisateurs,97,97,Robust high-level local area network,F,57
98,Cindra,studios,98,98,Centralized stable collaboration,F,59
99,Leeland,studios,99,99,Cloned next generation contingency,M,67
100,Baily,personnes,100,100,Customizable scalable budgetary management,M,36
101,Marianne,salle de cinéma,101,101,Networked fresh-thinking solution,F,81
102,Mariann,réalisateurs,102,102,Fundamental multimedia structure,F,45
103,Dusty,studios,103,103,Devolved homogeneous function,F,61
104,Codi,personnes,104,104,Organic system-worthy website,M,77
105,Kimberli,festivals,105,105,Grass-roots bi-directional paradigm,F,49
106,Ernestus,acteurs,106,106,Integrated hybrid capacity,M,30
107,Torrie,clubs,107,107,Synergized dynamic protocol,F,50
108,Tuck,acteurs,108,108,Focused web-enabled paradigm,M,47
109,Sydelle,personnes,109,109,Proactive secondary initiative,F,76
110,Flora,clubs,110,110,Synchronised maximized initiative,F,41
111,Phineas,clubs,111,111,Devolved optimizing software,M,78
112,Clayson,acteurs,112,112,Stand-alone user-facing infrastructure,M,37
113,Elset,personnes,113,113,Versatile uniform synergy,F,54
114,Fabian,studios,114,114,Cross-platform radical artificial intelligence,M,47
115,Otha,réalisateurs,115,115,Cross-platform content-based concept,F,25
116,Zorine,personnes,116,116,Enterprise-wide fresh-thinking help-desk,F,46
117,Lyndy,réalisateurs,117,117,Assimilated 5th generation system engine,F,41
118,Clyve,réalisateurs,118,118,Proactive bottom-line conglomeration,M,72
119,Ardella,studios,119,119,Robust motivating ability,F,47
120,Salmon,studios,120,120,Multi-lateral tertiary hardware,M,44
121,Natalya,personnes,121,121,Multi-lateral scalable database,F,60
122,Dillon,festivals,122,122,Versatile discrete orchestration,M,53
123,Jamaal,festivals,123,123,Optimized asymmetric middleware,M,50
124,Launce,clubs,124,124,Switchable client-driven implementation,M,49
125,Merci,personnes,125,125,Grass-roots reciprocal access,F,26
126,Anjanette,organisateurs,126,126,Public-key zero defect circuit,F,68
127,Rosa,réalisateurs,127,127,Multi-layered local pricing structure,F,40
128,Nicol,organisateurs,128,128,Sharable discrete utilisation,F,26
129,Guendolen,festivals,129,129,Self-enabling actuating website,F,76
130,Vic,organisateurs,130,130,Triple-buffered homogeneous frame,M,40
131,Janet,acteurs,131,131,Ameliorated next generation extranet,F,51
132,Joshua,clubs,132,132,Open-source intermediate groupware,M,85
133,Sid,salle de cinéma,133,133,Realigned coherent pricing structure,M,74
134,Nollie,salle de cinéma,134,134,Cloned fresh-thinking parallelism,F,61
135,Delly,salle de cinéma,135,135,Profound uniform customer loyalty,F,26
136,Mill,festivals,136,136,Centralized coherent website,M,77
137,Ashia,organisateurs,137,137,Intuitive uniform help-desk,F,70
138,Desi,festivals,138,138,Reactive coherent alliance,M,39
139,Helenelizabeth,organisateurs,139,139,Organic uniform archive,F,67
140,Courtney,salle de cinéma,140,140,Extended homogeneous budgetary management,F,27
141,Bobby,acteurs,141,141,Intuitive methodical project,M,45
142,Catina,studios,142,142,Enterprise-wide hybrid secured line,F,59
143,Yorgo,organisateurs,143,143,Balanced background portal,M,23
144,Selig,personnes,144,144,Proactive mission-critical function,M,18
145,Aguste,personnes,145,145,Inverse national database,M,76
146,Bar,festivals,146,146,Front-line holistic matrices,M,81
147,Prudence,salle de cinéma,147,147,Proactive eco-centric firmware,F,55
148,Delphine,réalisateurs,148,148,Optimized modular portal,F,51
149,Mandel,organisateurs,149,149,Virtual demand-driven system engine,M,84
150,Meg,personnes,150,150,Business-focused cohesive groupware,F,62
151,Tammi,clubs,151,151,Open-source intermediate encoding,F,31
152,Anselm,festivals,152,152,Persistent non-volatile throughput,M,69
153,Albie,clubs,153,153,Multi-lateral zero defect complexity,M,78
154,Hube,studios,154,154,Profound attitude-oriented parallelism,M,49
155,Sisely,clubs,155,155,Programmable real-time function,F,25
156,Mel,salle de cinéma,156,156,Multi-lateral fault-tolerant parallelism,M,24
157,Pacorro,acteurs,157,157,User-centric leading edge application,M,71
158,Baudoin,festivals,158,158,Open-source web-enabled software,M,75
159,Ruttger,réalisateurs,159,159,Intuitive object-oriented utilisation,M,69
160,Gian,réalisateurs,160,160,Mandatory background alliance,M,67
161,Marlo,salle de cinéma,161,161,Open-architected background infrastructure,F,49
162,Raleigh,studios,162,162,Profound analyzing contingency,M,61
163,Trip,salle de cinéma,163,163,Total executive focus group,M,65
164,Terri,personnes,164,164,Secured radical utilisation,F,52
165,Peterus,organisateurs,165,165,Pre-emptive motivating instruction set,M,47
166,Pierette,salle de cinéma,166,166,Extended interactive workforce,F,30
167,Hanson,salle de cinéma,167,167,Synergistic 4th generation Graphical User Interface,M,22
168,Twyla,acteurs,168,168,Advanced well-modulated access,F,57
169,Bethena,réalisateurs,169,169,Virtual clear-thinking definition,F,52
170,Jaine,festivals,170,170,Streamlined bottom-line database,F,64
171,Klara,clubs,171,171,Optimized uniform interface,F,25
172,Torie,personnes,172,172,Inverse regional utilisation,F,60
173,Alethea,réalisateurs,173,173,Programmable incremental open system,F,61
174,Svend,organisateurs,174,174,Pre-emptive 24 hour data-warehouse,M,40
175,Rosalinde,organisateurs,175,175,Re-contextualized asymmetric application,F,30
176,Hallsy,personnes,176,176,Networked tertiary intranet,M,60
177,Eran,clubs,177,177,Function-based neutral interface,F,30
178,Reba,salle de cinéma,178,178,Implemented disintermediate framework,F,45
179,Willis,réalisateurs,179,179,Multi-tiered optimal knowledge base,M,56
180,Michal,réalisateurs,180,180,Robust bi-directional flexibility,M,33
181,Devondra,réalisateurs,181,181,Synergistic optimal instruction set,F,41
182,Kirsteni,acteurs,182,182,Profound coherent workforce,F,18
183,Arney,clubs,183,183,Vision-oriented directional ability,M,23
184,Chas,personnes,184,184,Up-sized multimedia superstructure,M,35
185,Filippa,organisateurs,185,185,Grass-roots cohesive benchmark,F,68
186,Sharla,réalisateurs,186,186,Customer-focused background contingency,F,57
187,Julianne,acteurs,187,187,Managed human-resource leverage,F,22
188,Valentia,festivals,188,188,Advanced leading edge initiative,F,29
189,Anthiathia,festivals,189,189,Switchable client-driven migration,F,84
190,Alicea,studios,190,190,Secured leading edge success,F,71
191,Elsi,clubs,191,191,Pre-emptive reciprocal parallelism,F,38
192,Candis,studios,192,192,Down-sized encompassing focus group,F,47
193,Brande,réalisateurs,193,193,Right-sized actuating approach,F,65
194,Denis,festivals,194,194,Universal bandwidth-monitored matrices,M,36
195,Jennilee,festivals,195,195,Adaptive high-level leverage,F,76
196,Eleonore,studios,196,196,Grass-roots cohesive adapter,F,77
197,Lilian,salle de cinéma,197,197,Sharable interactive attitude,F,40
198,Kessia,acteurs,198,198,Enterprise-wide national circuit,F,73
199,Angelita,festivals,199,199,Robust radical alliance,F,82
200,Lexy,festivals,200,200,Profound grid-enabled hub,F,35
201,Jacquetta,salle de cinéma,201,201,Upgradable systemic utilisation,F,36
202,Abram,réalisateurs,202,202,Upgradable incremental knowledge base,M,34
203,Lothaire,acteurs,203,203,Virtual real-time artificial intelligence,M,27
204,Caroline,salle de cinéma,204,204,Exclusive client-server pricing structure,F,79
205,Pennie,festivals,205,205,Face to face client-driven framework,F,49
206,Pepe,studios,206,206,Diverse 3rd generation approach,M,18
207,Sebastien,réalisateurs,207,207,Enterprise-wide tertiary success,M,62
208,Dwain,personnes,208,208,Profound modular workforce,M,61
209,Ivette,personnes,209,209,Multi-layered 4th generation middleware,F,80
210,Torr,acteurs,210,210,Polarised local moderator,M,45
211,Melany,clubs,211,211,Ergonomic maximized extranet,F,26
212,Sophronia,organisateurs,212,212,Horizontal radical throughput,F,75
213,Stirling,festivals,213,213,Balanced holistic solution,M,18
214,Pen,réalisateurs,214,214,Intuitive scalable system engine,M,31
215,Corny,clubs,215,215,Managed leading edge archive,F,62
216,Anny,organisateurs,216,216,Diverse fault-tolerant framework,F,67
217,Constancy,personnes,217,217,Diverse intermediate success,F,67
218,Aubree,réalisateurs,218,218,Vision-oriented object-oriented collaboration,F,72
219,Rutherford,festivals,219,219,Streamlined bottom-line archive,M,76
220,Trudie,personnes,220,220,Right-sized holistic matrix,F,85
221,Jillana,clubs,221,221,Horizontal tertiary system engine,F,22
222,Raymond,organisateurs,222,222,Business-focused optimizing ability,M,74
223,Corrianne,personnes,223,223,Balanced holistic matrix,F,34
224,Royall,organisateurs,224,224,Centralized empowering emulation,M,67
225,Heather,studios,225,225,Synergized multi-state model,F,69
226,Lacie,réalisateurs,226,226,Multi-channelled uniform pricing structure,F,59
227,Zed,personnes,227,227,Extended transitional artificial intelligence,M,27
228,Stacee,organisateurs,228,228,Visionary 24/7 array,F,45
229,Sydel,studios,229,229,Progressive context-sensitive frame,F,65
230,Malory,organisateurs,230,230,Networked analyzing framework,F,59
231,Margaretta,personnes,231,231,Synergistic cohesive superstructure,F,22
232,Hagan,clubs,232,232,Fundamental logistical model,M,70
233,Maribelle,réalisateurs,233,233,Automated optimizing productivity,F,70
234,Barbee,personnes,234,234,Exclusive encompassing attitude,F,44
235,Winifred,salle de cinéma,235,235,Cross-group analyzing application,F,39
236,Sander,salle de cinéma,236,236,Monitored real-time throughput,M,56
237,Kendal,acteurs,237,237,Front-line actuating artificial intelligence,M,32
238,Thaddeus,clubs,238,238,Assimilated scalable paradigm,M,30
239,Krispin,studios,239,239,Customizable reciprocal orchestration,M,51
240,Paten,réalisateurs,240,240,Networked reciprocal orchestration,M,82
241,Justina,studios,241,241,Mandatory content-based solution,F,48
242,Homer,personnes,242,242,Extended dedicated solution,M,82
243,Gustavus,organisateurs,243,243,Multi-tiered content-based pricing structure,M,76
244,Maddie,studios,244,244,Implemented scalable flexibility,M,55
245,Robyn,organisateurs,245,245,Integrated user-facing website,F,80
246,Travers,clubs,246,246,Virtual foreground project,M,63
247,Tobe,organisateurs,247,247,Organic eco-centric pricing structure,M,25
248,Benito,festivals,248,248,Organized methodical core,M,36
249,Lucinda,festivals,249,249,Face to face didactic success,F,29
250,Venita,clubs,250,250,Reduced zero administration emulation,F,82
251,Sanson,festivals,251,251,Re-contextualized mobile software,M,71
252,Elihu,festivals,252,252,Fundamental multi-state methodology,M,80
253,Trina,organisateurs,253,253,Multi-tiered optimizing software,F,58
254,Freda,studios,254,254,Sharable directional hub,F,79
255,Graehme,acteurs,255,255,Programmable scalable functionalities,M,77
256,Odelia,réalisateurs,256,256,Stand-alone directional application,F,66
257,Webb,festivals,257,257,Secured national architecture,M,42
258,Marcellus,organisateurs,258,258,Right-sized multi-tasking model,M,64
259,Mae,organisateurs,259,259,Mandatory object-oriented moderator,F,22
260,Jennica,studios,260,260,Decentralized scalable utilisation,F,39
261,Duane,réalisateurs,261,261,Networked 3rd generation hierarchy,M,49
262,Jerrylee,organisateurs,262,262,Phased disintermediate implementation,F,71
263,Hetti,festivals,263,263,Pre-emptive analyzing paradigm,F,84
264,Sampson,personnes,264,264,Adaptive multi-state architecture,M,29
265,Luciana,acteurs,265,265,Reverse-engineered local functionalities,F,20
266,Roselia,organisateurs,266,266,Reactive eco-centric info-mediaries,F,40
267,Thekla,salle de cinéma,267,267,Open-source eco-centric policy,F,40
268,Marti,acteurs,268,268,Distributed holistic complexity,F,82
269,Valeda,clubs,269,269,Persistent needs-based utilisation,F,31
270,Christalle,acteurs,270,270,Horizontal client-driven artificial intelligence,F,40
271,Whitney,réalisateurs,271,271,Progressive tangible strategy,F,67
272,Florrie,réalisateurs,272,272,Re-contextualized 5th generation algorithm,F,53
273,Xerxes,réalisateurs,273,273,Fully-configurable national knowledge user,M,48
274,Bealle,personnes,274,274,Enterprise-wide mobile help-desk,M,47
275,Ewell,clubs,275,275,Devolved bifurcated contingency,M,59
276,Monti,festivals,276,276,Adaptive uniform encoding,M,41
277,Nikolas,organisateurs,277,277,Face to face high-level conglomeration,M,35
278,Tito,studios,278,278,Multi-channelled bandwidth-monitored secured line,M,36
279,Barbara-anne,réalisateurs,279,279,Focused hybrid middleware,F,64
280,Yolanda,acteurs,280,280,Persevering tertiary framework,F,34
281,Rollin,acteurs,281,281,Fully-configurable hybrid productivity,M,75
282,Ingunna,réalisateurs,282,282,Digitized heuristic flexibility,F,55
283,Fax,organisateurs,283,283,Switchable discrete moratorium,M,28
284,Tedda,réalisateurs,284,284,Networked bifurcated hardware,F,59
285,Miguel,salle de cinéma,285,285,Automated human-resource collaboration,M,46
286,Mommy,festivals,286,286,Operative real-time functionalities,F,36
287,Meagan,clubs,287,287,Face to face eco-centric throughput,F,35
288,Sheila-kathryn,acteurs,288,288,Open-architected optimizing complexity,F,26
289,Claus,acteurs,289,289,Sharable modular moratorium,M,75
290,Iggy,festivals,290,290,Managed systematic challenge,M,46
291,Alwin,clubs,291,291,Devolved solution-oriented paradigm,M,74
292,Desmund,studios,292,292,Adaptive local customer loyalty,M,18
293,Iormina,salle de cinéma,293,293,Virtual bandwidth-monitored open system,F,50
294,Emelita,festivals,294,294,Implemented object-oriented throughput,F,41
295,Nicolais,festivals,295,295,Up-sized directional neural-net,M,78
296,Cameron,clubs,296,296,Universal motivating data-warehouse,M,71
297,Alia,salle de cinéma,297,297,Public-key zero tolerance analyzer,F,36
298,Gaby,réalisateurs,298,298,Optimized object-oriented framework,F,46
299,Nicole,personnes,299,299,Realigned uniform toolset,F,21
300,Kristine,studios,300,300,Intuitive reciprocal middleware,F,64
301,Constancia,organisateurs,301,301,Polarised high-level hub,F,70
302,Hoyt,studios,302,302,Organized background Graphic Interface,M,38
303,Martin,personnes,303,303,Intuitive didactic forecast,M,26
304,Charmane,organisateurs,304,304,Switchable cohesive methodology,F,25
305,Nester,festivals,305,305,Self-enabling heuristic installation,M,60
306,Lesley,festivals,306,306,Function-based didactic knowledge user,M,83
307,Carilyn,festivals,307,307,Progressive tertiary conglomeration,F,43
308,Kim,studios,308,308,Networked intermediate internet solution,M,69
309,Maure,personnes,309,309,Innovative background benchmark,F,71
310,Katheryn,festivals,310,310,Diverse hybrid methodology,F,59
311,Kelby,clubs,311,311,Digitized cohesive software,M,23
312,Bernette,clubs,312,312,Persistent empowering conglomeration,F,64
313,Lorain,organisateurs,313,313,Grass-roots clear-thinking instruction set,F,40
314,Jim,salle de cinéma,314,314,Object-based reciprocal open architecture,M,56
315,Lizzy,acteurs,315,315,Realigned methodical adapter,F,60
316,Goober,studios,316,316,Fundamental upward-trending complexity,M,54
317,Dean,salle de cinéma,317,317,Synergistic grid-enabled protocol,M,63
318,Fiann,réalisateurs,318,318,Synergistic coherent monitoring,F,47
319,Jessee,salle de cinéma,319,319,Innovative secondary encoding,M,29
320,Bambie,festivals,320,320,Visionary multi-tasking pricing structure,F,45
321,Sanson,salle de cinéma,321,321,Enterprise-wide attitude-oriented forecast,M,33
322,Mickie,clubs,322,322,Programmable upward-trending local area network,M,46
323,Ronnica,festivals,323,323,Robust exuding task-force,F,32
324,Felic,organisateurs,324,324,Networked national functionalities,M,79
325,Kattie,clubs,325,325,Implemented transitional circuit,F,46
326,Caty,studios,326,326,Triple-buffered intangible functionalities,F,83
327,Cthrine,personnes,327,327,Fully-configurable solution-oriented leverage,F,57
328,Clerkclaude,réalisateurs,328,328,Self-enabling attitude-oriented software,M,75
329,Osbourne,salle de cinéma,329,329,Integrated multi-state policy,M,56
330,Stevy,acteurs,330,330,Universal human-resource knowledge user,M,75
331,Jozef,personnes,331,331,Robust cohesive instruction set,M,51
332,Whittaker,acteurs,332,332,Persistent background analyzer,M,63
333,Artemas,réalisateurs,333,333,Operative dynamic data-warehouse,M,71
334,Gilbert,organisateurs,334,334,Networked systematic project,M,41
335,Pasquale,studios,335,335,Optimized zero defect standardization,M,68
336,Ursa,personnes,336,336,Face to face foreground moderator,F,66
337,Erminia,festivals,337,337,Vision-oriented explicit time-frame,F,66
338,Adelbert,studios,338,338,Streamlined modular architecture,M,49
339,Marlena,organisateurs,339,339,Adaptive non-volatile artificial intelligence,F,70
340,Tammara,clubs,340,340,Operative local standardization,F,80
341,Del,réalisateurs,341,341,Public-key multi-state productivity,F,72
342,Jeanine,réalisateurs,342,342,Profound 5th generation productivity,F,23
343,Pyotr,réalisateurs,343,343,Fundamental methodical software,M,45
344,Janot,salle de cinéma,344,344,Intuitive full-range policy,F,28
345,Austina,acteurs,345,345,Multi-lateral static help-desk,F,59
346,Ezmeralda,réalisateurs,346,346,Exclusive content-based artificial intelligence,F,57
347,Dotti,festivals,347,347,Intuitive even-keeled support,F,81
348,Celene,studios,348,348,Optimized exuding infrastructure,F,73
349,Doll,acteurs,349,349,Seamless intangible interface,F,67
350,Bernarr,festivals,350,350,Virtual 5th generation concept,M,81
351,Osgood,festivals,351,351,Profit-focused tertiary leverage,M,44
352,Virgina,clubs,352,352,Multi-tiered static conglomeration,F,71
353,Lothario,studios,353,353,Persistent explicit collaboration,M,63
354,Hugo,clubs,354,354,Innovative transitional throughput,M,63
355,Gayla,studios,355,355,Multi-lateral logistical website,F,69
356,Uri,clubs,356,356,Universal homogeneous info-mediaries,M,41
357,Gabbi,salle de cinéma,357,357,Optimized exuding attitude,F,67
358,Rena,clubs,358,358,Enhanced optimizing software,F,76
359,Saraann,clubs,359,359,Team-oriented 3rd generation forecast,F,57
360,Rutledge,clubs,360,360,Assimilated intermediate local area network,M,70
361,Papagena,organisateurs,361,361,Optional hybrid groupware,F,70
362,Madelena,personnes,362,362,Ameliorated optimizing infrastructure,F,57
363,Aimil,salle de cinéma,363,363,Ergonomic systemic focus group,F,62
364,Timothy,salle de cinéma,364,364,Public-key content-based moderator,M,61
365,Juana,studios,365,365,Horizontal transitional website,F,51
366,Inness,organisateurs,366,366,Configurable encompassing encoding,M,44
367,Fredra,personnes,367,367,Total actuating matrices,F,56
368,Kerri,studios,368,368,Self-enabling dynamic definition,F,20
369,Lennard,clubs,369,369,Versatile hybrid customer loyalty,M,64
370,Ulrica,réalisateurs,370,370,Proactive bifurcated software,F,66
371,Irina,organisateurs,371,371,Versatile encompassing utilisation,F,56
372,Tarrah,studios,372,372,Business-focused clear-thinking alliance,F,44
373,Ella,organisateurs,373,373,Multi-tiered zero defect hierarchy,F,24
374,Shanna,festivals,374,374,Exclusive optimizing middleware,F,69
375,Lionel,acteurs,375,375,Cloned 5th generation open architecture,M,32
376,Olivie,salle de cinéma,376,376,Visionary bandwidth-monitored leverage,F,27
377,Miles,réalisateurs,377,377,Front-line object-oriented time-frame,M,19
378,Darryl,festivals,378,378,Self-enabling scalable challenge,F,77
379,Mab,salle de cinéma,379,379,Pre-emptive next generation capacity,F,82
380,Truman,réalisateurs,380,380,Customer-focused contextually-based emulation,M,49
381,Mable,clubs,381,381,Versatile heuristic groupware,F,84
382,Annette,personnes,382,382,Polarised encompassing complexity,F,47
383,Rriocard,réalisateurs,383,383,Optimized real-time extranet,M,73
384,Darcy,festivals,384,384,Centralized 24/7 structure,M,64
385,Town,festivals,385,385,Persistent bifurcated protocol,M,24
386,Bernard,acteurs,386,386,Team-oriented user-facing synergy,M,26
387,Mari,réalisateurs,387,387,Ergonomic multi-state projection,F,49
388,Arliene,réalisateurs,388,388,Distributed systematic solution,F,34
389,Vitoria,organisateurs,389,389,Upgradable actuating synergy,F,50
390,Rhetta,clubs,390,390,Profit-focused multi-tasking leverage,F,66
391,Grove,organisateurs,391,391,Distributed systematic functionalities,M,76
392,Bond,réalisateurs,392,392,Compatible upward-trending access,M,41
393,Wait,studios,393,393,Public-key logistical projection,M,78
394,Dew,personnes,394,394,Automated empowering capacity,M,67
395,Tremayne,salle de cinéma,395,395,Upgradable stable architecture,M,71
396,Giles,personnes,396,396,Sharable human-resource system engine,M,53
397,Kelly,organisateurs,397,397,Synergized dedicated knowledge user,F,27
398,Reidar,clubs,398,398,Persistent attitude-oriented conglomeration,M,79
399,Meriel,personnes,399,399,Synchronised explicit productivity,F,60
400,Erl,réalisateurs,400,400,Monitored systemic product,M,50
401,Terrill,studios,401,401,Monitored explicit pricing structure,M,31
402,Barbette,clubs,402,402,Integrated intangible success,F,82
403,Bunny,studios,403,403,Automated cohesive projection,F,64
404,Elmira,personnes,404,404,Customer-focused empowering access,F,31
405,Thaddeus,festivals,405,405,Function-based exuding open system,M,36
406,Jozef,réalisateurs,406,406,Enhanced incremental focus group,M,57
407,Hadleigh,salle de cinéma,407,407,Ergonomic background definition,M,32
408,Duffy,festivals,408,408,Fundamental 6th generation data-warehouse,M,24
409,Fransisco,organisateurs,409,409,Vision-oriented neutral customer loyalty,M,77
410,Liliane,salle de cinéma,410,410,Reduced multi-tasking strategy,F,37
411,Phelia,clubs,411,411,Configurable contextually-based capacity,F,45
412,Ann-marie,salle de cinéma,412,412,Robust executive moratorium,F,44
413,Bearnard,festivals,413,413,User-friendly intermediate policy,M,22
414,Kristin,festivals,414,414,Compatible global encoding,F,83
415,Starla,salle de cinéma,415,415,Diverse hybrid ability,F,62
416,Farris,salle de cinéma,416,416,Devolved clear-thinking Graphic Interface,M,49
417,Willi,acteurs,417,417,Seamless zero tolerance approach,M,57
418,Amaleta,organisateurs,418,418,Quality-focused static monitoring,F,51
419,Vivian,acteurs,419,419,Visionary national support,F,84
420,Tobias,studios,420,420,Secured executive adapter,M,34
421,Morissa,acteurs,421,421,Function-based reciprocal internet solution,F,39
422,Mal,studios,422,422,De-engineered cohesive approach,M,38
423,Ripley,acteurs,423,423,Configurable discrete moratorium,M,33
424,Demetra,réalisateurs,424,424,Enhanced system-worthy interface,F,77
425,Lissie,acteurs,425,425,Extended client-server initiative,F,68
426,Leonelle,organisateurs,426,426,Progressive background functionalities,F,56
427,Analiese,organisateurs,427,427,Secured uniform service-desk,F,49
428,Kahaleel,clubs,428,428,Managed needs-based forecast,M,56
429,Jeana,salle de cinéma,429,429,Public-key mobile firmware,F,81
430,Rozella,personnes,430,430,Inverse interactive capacity,F,74
431,Gilligan,réalisateurs,431,431,Up-sized homogeneous matrix,F,53
432,Wally,personnes,432,432,Cross-platform zero tolerance flexibility,M,69
433,Mattias,organisateurs,433,433,Organic multi-tasking hardware,M,73
434,Reidar,salle de cinéma,434,434,Centralized dynamic implementation,M,37
435,Myron,organisateurs,435,435,Synergized multimedia installation,M,64
436,Eduardo,salle de cinéma,436,436,Fundamental tangible matrices,M,67
437,Kelvin,clubs,437,437,Optional demand-driven migration,M,60
438,Hollyanne,festivals,438,438,Polarised logistical forecast,F,54
439,Serena,clubs,439,439,Public-key system-worthy archive,F,19
440,Isabella,organisateurs,440,440,Versatile local info-mediaries,F,79
441,Kingsly,personnes,441,441,Integrated holistic firmware,M,40
442,Agace,salle de cinéma,442,442,De-engineered solution-oriented conglomeration,F,51
443,Danny,acteurs,443,443,Front-line fresh-thinking definition,M,65
444,Marrilee,réalisateurs,444,444,Virtual multimedia alliance,F,80
445,Valaree,organisateurs,445,445,Switchable value-added architecture,F,52
446,Vina,personnes,446,446,Grass-roots context-sensitive superstructure,F,55
447,Dacey,réalisateurs,447,447,Visionary mission-critical algorithm,F,72
448,Roseanna,studios,448,448,Robust 3rd generation array,F,51
449,Alyce,réalisateurs,449,449,Integrated stable time-frame,F,82
450,Morse,acteurs,450,450,Progressive reciprocal info-mediaries,M,18
451,Noland,salle de cinéma,451,451,Vision-oriented 3rd generation software,M,44
452,Artur,salle de cinéma,452,452,Horizontal heuristic project,M,18
453,Elysha,réalisateurs,453,453,Enterprise-wide radical strategy,F,59
454,Marcos,réalisateurs,454,454,Horizontal dynamic definition,M,72
455,Elmira,studios,455,455,Quality-focused multimedia firmware,F,61
456,Jonis,réalisateurs,456,456,Reverse-engineered web-enabled throughput,F,73
457,Fanchette,acteurs,457,457,Realigned dedicated throughput,F,64
458,Hermy,studios,458,458,Optional high-level alliance,M,42
459,Llywellyn,organisateurs,459,459,Managed bandwidth-monitored algorithm,M,66
460,Mort,clubs,460,460,Phased bifurcated open system,M,40
461,Orion,salle de cinéma,461,461,Intuitive discrete adapter,M,62
462,Kalindi,organisateurs,462,462,Virtual intermediate synergy,F,84
463,Pepillo,studios,463,463,Multi-channelled optimizing circuit,M,67
464,Kary,organisateurs,464,464,Persistent zero defect leverage,F,64
465,Earle,salle de cinéma,465,465,User-friendly interactive info-mediaries,M,53
466,Robinet,réalisateurs,466,466,Fully-configurable contextually-based knowledge base,M,77
467,Dwain,acteurs,467,467,Quality-focused web-enabled contingency,M,60
468,Anya,réalisateurs,468,468,Re-engineered foreground monitoring,F,82
469,Marie-jeanne,réalisateurs,469,469,De-engineered exuding website,F,31
470,Kettie,acteurs,470,470,Optimized explicit conglomeration,F,46
471,Cathi,acteurs,471,471,Sharable systemic infrastructure,F,85
472,Wrennie,personnes,472,472,Profound attitude-oriented encryption,F,66
473,Caroline,clubs,473,473,Enhanced attitude-oriented hierarchy,F,52
474,Bradly,clubs,474,474,Phased actuating time-frame,M,42
475,Michale,acteurs,475,475,Object-based intangible initiative,M,54
476,Grenville,festivals,476,476,Managed context-sensitive paradigm,M,50
477,Rori,clubs,477,477,Decentralized 6th generation paradigm,F,57
478,Jackie,réalisateurs,478,478,Expanded real-time analyzer,M,34
479,Tabbi,studios,479,479,Team-oriented analyzing help-desk,F,54
480,Robyn,organisateurs,480,480,Vision-oriented 4th generation knowledge user,F,33
481,Eirena,organisateurs,481,481,Multi-lateral bandwidth-monitored architecture,F,25
482,Katya,acteurs,482,482,Universal zero tolerance implementation,F,59
483,Marjory,acteurs,483,483,Synergistic web-enabled budgetary management,F,28
484,Ray,studios,484,484,Sharable demand-driven matrix,M,56
485,Layney,clubs,485,485,Future-proofed multimedia software,F,36
486,Crissy,salle de cinéma,486,486,Organic multi-tasking capacity,F,74
487,Daniele,personnes,487,487,Synergized multi-state adapter,F,35
488,Mariele,personnes,488,488,Reduced exuding methodology,F,83
489,Kip,personnes,489,489,Universal 6th generation intranet,F,73
490,Maurizio,studios,490,490,Balanced explicit artificial intelligence,M,29
491,Bartlett,salle de cinéma,491,491,Profound motivating concept,M,32
492,Leia,réalisateurs,492,492,Programmable zero defect system engine,F,65
493,Anthia,salle de cinéma,493,493,Visionary bifurcated knowledge user,F,42
494,Gerri,salle de cinéma,494,494,Mandatory heuristic strategy,M,63
495,De witt,organisateurs,495,495,Configurable content-based infrastructure,M,70
496,Byrann,salle de cinéma,496,496,Pre-emptive actuating database,M,19
497,Otho,salle de cinéma,497,497,Automated clear-thinking support,M,43
498,Sax,salle de cinéma,498,498,Seamless non-volatile leverage,M,27
499,Dehlia,organisateurs,499,499,Cross-group foreground adapter,F,76
500,Florida,acteurs,500,500,Polarised bifurcated Graphical User Interface,F,35
501,Powell,réalisateurs,501,501,Quality-focused 3rd generation synergy,M,40
502,Arley,salle de cinéma,502,502,Monitored scalable software,M,31
503,Renee,acteurs,503,503,Automated transitional synergy,F,82
504,Ertha,réalisateurs,504,504,Function-based user-facing flexibility,F,77
505,Lynnet,festivals,505,505,Front-line contextually-based circuit,F,46
506,Tonya,personnes,506,506,Visionary zero defect throughput,F,19
507,Cristiano,studios,507,507,Self-enabling neutral hardware,M,24
508,Kurt,acteurs,508,508,Cloned impactful Graphic Interface,M,34
509,Durant,salle de cinéma,509,509,Expanded static productivity,M,85
510,Boyd,studios,510,510,Proactive tangible system engine,M,69
511,Harmon,organisateurs,511,511,Right-sized value-added solution,M,78
512,Sayres,personnes,512,512,Profound homogeneous open architecture,M,28
513,Sam,acteurs,513,513,Exclusive multimedia portal,F,29
514,Gena,salle de cinéma,514,514,Total radical complexity,F,56
515,Marion,personnes,515,515,Ameliorated executive framework,M,24
516,Leslie,réalisateurs,516,516,Ameliorated national projection,F,74
517,Chryste,réalisateurs,517,517,Switchable homogeneous challenge,F,60
518,Terrence,réalisateurs,518,518,Quality-focused 3rd generation Graphic Interface,M,49
519,Tad,salle de cinéma,519,519,Polarised fault-tolerant process improvement,M,69
520,Jillana,acteurs,520,520,Down-sized global framework,F,54
521,Elva,salle de cinéma,521,521,Ergonomic secondary secured line,F,20
522,Jo ann,organisateurs,522,522,Devolved 5th generation open architecture,F,36
523,Carroll,personnes,523,523,Seamless secondary archive,M,82
524,Dillie,organisateurs,524,524,Exclusive neutral concept,M,75
525,Pen,studios,525,525,Pre-emptive mobile focus group,M,37
526,Tad,studios,526,526,Customizable motivating moderator,M,70
527,Natty,clubs,527,527,User-friendly secondary strategy,M,65
528,Carlota,réalisateurs,528,528,Customer-focused coherent intranet,F,74
529,Aaren,réalisateurs,529,529,Distributed high-level focus group,F,58
530,Dasya,clubs,530,530,Secured directional monitoring,F,20
531,Amalia,acteurs,531,531,Multi-tiered bi-directional website,F,22
532,Agace,acteurs,532,532,Realigned executive hierarchy,F,62
533,Mark,organisateurs,533,533,Proactive multimedia moderator,M,41
534,Babara,acteurs,534,534,Distributed dedicated help-desk,F,68
535,Cecilio,personnes,535,535,Integrated context-sensitive architecture,M,64
536,Jacenta,acteurs,536,536,Robust multimedia secured line,F,33
537,Benedicto,festivals,537,537,Customizable global intranet,M,49
538,Lawry,salle de cinéma,538,538,Pre-emptive system-worthy alliance,M,43
539,Daven,organisateurs,539,539,Quality-focused even-keeled pricing structure,M,36
540,Daryle,studios,540,540,Adaptive actuating synergy,M,60
541,Alyss,salle de cinéma,541,541,Implemented solution-oriented migration,F,71
542,Quintilla,studios,542,542,Visionary upward-trending complexity,F,20
543,Yorgo,studios,543,543,Centralized asymmetric emulation,M,20
544,Gretal,studios,544,544,Universal multi-tasking core,F,44
545,Alissa,salle de cinéma,545,545,Self-enabling reciprocal groupware,F,70
546,Yancy,acteurs,546,546,Devolved fresh-thinking collaboration,M,53
547,Meredith,réalisateurs,547,547,Optional composite emulation,F,83
548,Falito,studios,548,548,Inverse multi-state standardization,M,67
549,Tonye,studios,549,549,Enterprise-wide context-sensitive approach,F,38
550,Jillie,organisateurs,550,550,Open-architected 24/7 product,F,71
551,Gerti,réalisateurs,551,551,Customer-focused tangible monitoring,F,60
552,Sandro,clubs,552,552,Digitized multi-tasking alliance,M,73
553,Raquela,réalisateurs,553,553,Realigned intangible knowledge user,F,34
554,Antin,personnes,554,554,Diverse encompassing core,M,19
555,Vally,clubs,555,555,Synchronised solution-oriented methodology,F,46
556,Bradly,réalisateurs,556,556,Self-enabling context-sensitive matrix,M,37
557,Silvano,clubs,557,557,Future-proofed holistic orchestration,M,28
558,Caleb,réalisateurs,558,558,Re-contextualized tertiary ability,M,67
559,Arty,réalisateurs,559,559,Re-engineered scalable structure,M,70
560,Annice,studios,560,560,Function-based secondary utilisation,F,72
561,Daryle,personnes,561,561,Realigned content-based open architecture,M,39
562,Field,salle de cinéma,562,562,Synergized optimal parallelism,M,75
563,Melisande,festivals,563,563,Extended zero tolerance core,F,78
564,Erastus,organisateurs,564,564,Centralized 24/7 leverage,M,30
565,Briggs,studios,565,565,Phased executive complexity,M,60
566,Sherline,réalisateurs,566,566,Expanded analyzing success,F,52
567,Gianina,festivals,567,567,Managed directional internet solution,F,36
568,Elianora,festivals,568,568,Persevering system-worthy orchestration,F,71
569,Corinna,personnes,569,569,Grass-roots multi-tasking leverage,F,44
570,Garret,clubs,570,570,Intuitive web-enabled model,M,62
571,Edward,festivals,571,571,Pre-emptive contextually-based throughput,M,74
572,Gaven,studios,572,572,Devolved uniform architecture,M,28
573,Leonora,clubs,573,573,Polarised demand-driven capability,F,54
574,Keefe,clubs,574,574,Front-line tertiary customer loyalty,M,46
575,Morgun,personnes,575,575,Monitored object-oriented complexity,M,83
576,Katleen,acteurs,576,576,Reactive disintermediate focus group,F,84
577,Gasparo,festivals,577,577,Up-sized static ability,M,51
578,Gordan,festivals,578,578,Vision-oriented object-oriented encryption,M,46
579,Inesita,réalisateurs,579,579,Stand-alone tertiary installation,F,24
580,George,acteurs,580,580,Function-based 6th generation knowledge user,M,56
581,Corny,studios,581,581,Stand-alone contextually-based challenge,F,79
582,Camey,organisateurs,582,582,Streamlined object-oriented circuit,M,38
583,Ali,salle de cinéma,583,583,Open-architected even-keeled forecast,F,27
584,Foss,studios,584,584,Reactive responsive open system,M,21
585,Demetris,clubs,585,585,Focused interactive hub,F,32
586,Kayle,acteurs,586,586,Optional neutral database,F,42
587,Lavena,salle de cinéma,587,587,Profound encompassing help-desk,F,43
588,Nanny,clubs,588,588,Virtual disintermediate methodology,F,22
589,Walther,réalisateurs,589,589,Re-engineered logistical database,M,36
590,Alfonse,clubs,590,590,Cross-group hybrid array,M,29
591,Clemmie,acteurs,591,591,Phased well-modulated groupware,M,61
592,Bili,personnes,592,592,Reactive 3rd generation hub,F,45
593,Estelle,clubs,593,593,Grass-roots encompassing Graphical User Interface,F,45
594,Vicky,clubs,594,594,Decentralized web-enabled capability,F,78
595,Cass,organisateurs,595,595,Persistent secondary approach,M,38
596,Malcolm,salle de cinéma,596,596,Sharable tangible database,M,66
597,Zorina,studios,597,597,Switchable 24/7 structure,F,28
598,Carlyn,studios,598,598,Multi-channelled attitude-oriented moderator,F,56
599,Julieta,organisateurs,599,599,Ergonomic scalable definition,F,38
600,Dorise,festivals,600,600,Compatible human-resource matrices,F,19
601,Annetta,personnes,601,601,Inverse national hardware,F,77
602,Ringo,festivals,602,602,Programmable directional Graphic Interface,M,22
603,Dyna,réalisateurs,603,603,Assimilated tertiary encryption,F,84
604,Harriett,salle de cinéma,604,604,Exclusive directional workforce,F,83
605,Quintina,festivals,605,605,Multi-channelled discrete parallelism,F,74
606,Sammy,salle de cinéma,606,606,Down-sized disintermediate hardware,M,23
607,Sarene,personnes,607,607,Team-oriented human-resource artificial intelligence,F,75
608,Rudie,studios,608,608,Managed methodical approach,M,18
609,Loni,salle de cinéma,609,609,Customizable value-added function,F,56
610,Laurens,studios,610,610,Implemented impactful data-warehouse,M,51
611,Holli,organisateurs,611,611,Ergonomic scalable matrices,F,19
612,Gerhard,studios,612,612,Enterprise-wide bottom-line focus group,M,78
613,Esther,personnes,613,613,Centralized cohesive project,F,68
614,Wren,festivals,614,614,Streamlined discrete hardware,F,58
615,Vivyan,clubs,615,615,Integrated hybrid analyzer,F,26
616,Kay,salle de cinéma,616,616,Optimized 24/7 encryption,F,21
617,Bradan,clubs,617,617,Horizontal needs-based hub,M,60
618,Darline,clubs,618,618,Synergistic grid-enabled approach,F,63
619,Ardine,réalisateurs,619,619,Enterprise-wide client-driven standardization,F,42
620,Roch,personnes,620,620,Upgradable dedicated open system,F,52
621,Jefferson,acteurs,621,621,Visionary neutral attitude,M,51
622,Christen,organisateurs,622,622,Ergonomic high-level framework,F,39
623,Dennis,clubs,623,623,Distributed optimal middleware,M,60
624,Beauregard,salle de cinéma,624,624,Diverse executive architecture,M,37
625,Malorie,clubs,625,625,Centralized asymmetric model,F,82
626,Larina,réalisateurs,626,626,Customizable scalable moratorium,F,85
627,Etheline,réalisateurs,627,627,Versatile grid-enabled internet solution,F,62
628,Ava,acteurs,628,628,Assimilated interactive portal,F,75
629,Ajay,personnes,629,629,Down-sized static encoding,F,66
630,Carling,personnes,630,630,Multi-lateral transitional project,M,43
631,Gottfried,clubs,631,631,Self-enabling cohesive Graphic Interface,M,24
632,Mort,studios,632,632,Decentralized coherent access,M,65
633,Kelly,acteurs,633,633,Fundamental even-keeled orchestration,M,18
634,Constantine,acteurs,634,634,Business-focused tertiary framework,M,83
635,Ches,réalisateurs,635,635,Expanded client-driven open architecture,M,76
636,Vasili,personnes,636,636,Grass-roots bi-directional monitoring,M,33
637,Cahra,festivals,637,637,Profit-focused bi-directional definition,F,24
638,Benita,organisateurs,638,638,De-engineered background info-mediaries,F,64
639,Hallie,réalisateurs,639,639,Quality-focused transitional framework,F,36
640,Henderson,festivals,640,640,Advanced client-server moratorium,M,62
641,Jocelyn,festivals,641,641,Enhanced holistic throughput,F,22
642,Sancho,studios,642,642,Team-oriented systematic definition,M,22
643,Jayme,acteurs,643,643,Right-sized cohesive project,M,76
644,Mallissa,personnes,644,644,Grass-roots actuating algorithm,F,80
645,Barbey,acteurs,645,645,Ergonomic demand-driven adapter,F,50
646,Micaela,salle de cinéma,646,646,Persistent full-range Graphic Interface,F,25
647,Christye,réalisateurs,647,647,Phased intangible superstructure,F,58
648,Jermaine,festivals,648,648,Customer-focused coherent secured line,M,33
649,Alexandre,personnes,649,649,Extended user-facing capacity,M,24
650,Reggis,salle de cinéma,650,650,Digitized content-based standardization,M,56
651,Binky,personnes,651,651,Optional eco-centric architecture,M,68
652,Gaby,salle de cinéma,652,652,Upgradable stable website,M,79
653,Amabel,salle de cinéma,653,653,Intuitive homogeneous concept,F,25
654,Lucita,réalisateurs,654,654,Total dedicated architecture,F,50
655,Sheffy,acteurs,655,655,Distributed multimedia emulation,M,24
656,Melony,festivals,656,656,Devolved user-facing collaboration,F,69
657,Katrinka,clubs,657,657,User-centric background function,F,59
658,Arlen,acteurs,658,658,Organic systemic customer loyalty,M,28
659,Solomon,clubs,659,659,Managed system-worthy synergy,M,56
660,Diahann,acteurs,660,660,Optional intermediate projection,F,35
661,Horacio,studios,661,661,Open-source regional capacity,M,55
662,Denni,festivals,662,662,Profound exuding attitude,F,62
663,Shaine,personnes,663,663,Front-line full-range info-mediaries,M,69
664,Zackariah,studios,664,664,Secured encompassing application,M,84
665,Catie,réalisateurs,665,665,Polarised actuating intranet,F,19
666,Lenee,studios,666,666,Persistent optimal flexibility,F,62
667,Tallia,studios,667,667,Visionary coherent orchestration,F,29
668,Ellette,acteurs,668,668,Grass-roots 3rd generation forecast,F,60
669,Kristopher,réalisateurs,669,669,Synergized user-facing moderator,M,21
670,Emmaline,réalisateurs,670,670,Ergonomic system-worthy encryption,F,74
671,Flemming,studios,671,671,Compatible logistical artificial intelligence,M,35
672,Roma,salle de cinéma,672,672,User-friendly reciprocal methodology,M,48
673,Darrin,salle de cinéma,673,673,Switchable responsive complexity,M,41
674,Skelly,organisateurs,674,674,Seamless 5th generation parallelism,M,30
675,Esra,studios,675,675,Focused composite contingency,M,18
676,Bellina,clubs,676,676,Cloned empowering ability,F,25
677,Effie,studios,677,677,Profit-focused disintermediate task-force,F,64
678,Cad,personnes,678,678,Optimized systematic application,M,66
679,Vita,organisateurs,679,679,Object-based grid-enabled frame,F,80
680,Khalil,salle de cinéma,680,680,Synergistic fresh-thinking orchestration,M,75
681,Katalin,studios,681,681,Persevering motivating policy,F,48
682,Debbie,clubs,682,682,Down-sized client-server groupware,F,37
683,Stephana,acteurs,683,683,Multi-channelled explicit website,F,38
684,Alex,acteurs,684,684,Monitored heuristic focus group,M,60
685,Cecelia,studios,685,685,Business-focused needs-based internet solution,F,55
686,Arliene,personnes,686,686,Profound homogeneous paradigm,F,70
687,Dew,personnes,687,687,Persistent optimizing model,M,31
688,Natassia,réalisateurs,688,688,Enhanced dedicated moderator,F,38
689,Cinda,festivals,689,689,Cross-group didactic utilisation,F,42
690,Osmond,salle de cinéma,690,690,Multi-tiered clear-thinking migration,M,56
691,Theodore,salle de cinéma,691,691,Diverse bandwidth-monitored circuit,M,55
692,Sargent,studios,692,692,Optional non-volatile access,M,78
693,Wendell,réalisateurs,693,693,Decentralized client-server task-force,M,31
694,Luce,personnes,694,694,Multi-tiered composite framework,F,68
695,Gianna,clubs,695,695,Synchronised 5th generation extranet,F,46
696,North,acteurs,696,696,Virtual secondary migration,M,45
697,Hunt,salle de cinéma,697,697,Ameliorated real-time system engine,M,40
698,Birgit,organisateurs,698,698,Right-sized bottom-line middleware,F,61
699,Diarmid,clubs,699,699,User-centric needs-based migration,M,80
700,Timotheus,studios,700,700,Exclusive incremental concept,M,26
701,Isadora,salle de cinéma,701,701,Secured modular installation,F,75
702,Jaquelyn,personnes,702,702,Persistent homogeneous approach,F,24
703,Oren,acteurs,703,703,Vision-oriented impactful portal,M,23
704,Collie,studios,704,704,Compatible directional ability,F,65
705,Wallace,clubs,705,705,Public-key 24/7 emulation,M,53
706,Hughie,clubs,706,706,Public-key systematic adapter,M,36
707,Darleen,acteurs,707,707,Open-architected bifurcated product,F,61
708,Bernardine,réalisateurs,708,708,Operative systematic leverage,F,63
709,Brod,réalisateurs,709,709,Down-sized exuding paradigm,M,24
710,Collete,studios,710,710,Implemented empowering artificial intelligence,F,21
711,Pammi,studios,711,711,Ameliorated holistic model,F,41
712,Augustus,organisateurs,712,712,Reduced mobile definition,M,81
713,Averil,acteurs,713,713,Balanced coherent portal,F,78
714,Yalonda,organisateurs,714,714,Realigned web-enabled service-desk,F,85
715,Brandyn,salle de cinéma,715,715,Digitized uniform benchmark,M,71
716,Joane,acteurs,716,716,Organized real-time capability,F,68
717,Winni,clubs,717,717,Multi-lateral client-driven open system,F,29
718,Modestine,festivals,718,718,Operative intermediate utilisation,F,69
719,Alden,studios,719,719,Automated global groupware,M,55
720,Chrystel,personnes,720,720,Proactive mission-critical groupware,F,62
721,Sharron,festivals,721,721,Synergized multimedia parallelism,F,64
722,Alexandros,organisateurs,722,722,User-friendly local solution,M,21
723,Lou,acteurs,723,723,Persevering user-facing initiative,M,73
724,Carlynn,clubs,724,724,Synchronised explicit functionalities,F,42
725,Horatio,réalisateurs,725,725,Customer-focused modular core,M,65
726,Maxine,personnes,726,726,Focused modular groupware,F,25
727,Analise,réalisateurs,727,727,Automated neutral functionalities,F,31
728,Fancy,festivals,728,728,Monitored tangible local area network,F,38
729,Torrie,personnes,729,729,Cross-group impactful benchmark,F,82
730,Grannie,festivals,730,730,Grass-roots interactive focus group,M,65
731,Arri,réalisateurs,731,731,Reduced optimizing groupware,M,57
732,Adolphus,organisateurs,732,732,Organized zero defect capability,M,81
733,Kristian,festivals,733,733,Customer-focused 3rd generation array,M,72
734,Pavlov,clubs,734,734,Grass-roots composite frame,M,56
735,Ashbey,réalisateurs,735,735,Upgradable explicit knowledge user,M,32
736,Junette,organisateurs,736,736,Self-enabling tertiary implementation,F,56
737,Rene,clubs,737,737,Progressive multi-tasking open architecture,M,67
738,Hamlen,organisateurs,738,738,Function-based hybrid leverage,M,76
739,Melessa,studios,739,739,Multi-channelled dynamic Graphical User Interface,F,85
740,Jerri,acteurs,740,740,Implemented composite hub,M,62
741,Lonee,salle de cinéma,741,741,Exclusive secondary capability,F,54
742,Pooh,acteurs,742,742,Horizontal cohesive support,M,43
743,Herby,clubs,743,743,Decentralized directional service-desk,M,79
744,Bathsheba,salle de cinéma,744,744,Multi-tiered multi-tasking circuit,F,74
745,Gloria,clubs,745,745,Cross-group bifurcated workforce,F,29
746,Christiane,acteurs,746,746,Synchronised 5th generation initiative,F,34
747,Miles,festivals,747,747,Optimized local flexibility,M,62
748,Winny,festivals,748,748,Cross-platform optimal solution,M,66
749,Brannon,réalisateurs,749,749,Organized heuristic project,M,40
750,Zahara,personnes,750,750,Networked static interface,F,29
751,Loreen,salle de cinéma,751,751,Upgradable multimedia infrastructure,F,34
752,Kip,festivals,752,752,Expanded modular encoding,M,24
753,Marne,clubs,753,753,Organized high-level task-force,F,22
754,Aida,réalisateurs,754,754,Grass-roots value-added hub,F,60
755,Quintana,réalisateurs,755,755,Quality-focused zero tolerance conglomeration,F,77
756,Tobe,personnes,756,756,Multi-layered incremental access,F,77
757,Rochelle,clubs,757,757,Ergonomic zero tolerance help-desk,F,27
758,Alasteir,acteurs,758,758,Right-sized radical local area network,M,25
759,Patsy,salle de cinéma,759,759,Front-line bandwidth-monitored neural-net,M,80
760,Irvine,personnes,760,760,Front-line secondary flexibility,M,53
761,Elbert,studios,761,761,Down-sized cohesive secured line,M,20
762,Ginevra,réalisateurs,762,762,Robust optimizing interface,F,30
763,Zeke,réalisateurs,763,763,Integrated secondary database,M,34
764,Freddy,acteurs,764,764,Adaptive eco-centric focus group,M,64
765,Ailey,réalisateurs,765,765,Centralized static capability,F,84
766,Fonzie,organisateurs,766,766,Pre-emptive full-range circuit,M,73
767,Keelby,clubs,767,767,Pre-emptive 24/7 knowledge user,M,73
768,Lynette,organisateurs,768,768,Vision-oriented asynchronous ability,F,40
769,Hill,studios,769,769,Expanded modular service-desk,M,27
770,Ewart,salle de cinéma,770,770,User-friendly bottom-line success,M,29
771,Ricard,personnes,771,771,Future-proofed human-resource internet solution,M,75
772,Durante,réalisateurs,772,772,Open-source methodical open system,M,45
773,Fania,studios,773,773,Multi-tiered asymmetric customer loyalty,F,84
774,Gilda,organisateurs,774,774,Ergonomic systemic leverage,F,50
775,Kristine,salle de cinéma,775,775,Multi-channelled contextually-based adapter,F,84
776,Aldridge,personnes,776,776,Triple-buffered regional artificial intelligence,M,38
777,Carlynn,réalisateurs,777,777,Networked foreground encryption,F,50
778,Odille,réalisateurs,778,778,Operative reciprocal hardware,F,18
779,Correy,clubs,779,779,Fundamental dedicated concept,F,62
780,Elane,organisateurs,780,780,Upgradable maximized info-mediaries,F,53
781,Birch,réalisateurs,781,781,Devolved empowering instruction set,M,53
782,Royce,clubs,782,782,Customer-focused global local area network,M,34
783,Jean,festivals,783,783,Programmable disintermediate model,F,27
784,Glynis,acteurs,784,784,Innovative 3rd generation matrix,F,25
785,Lorettalorna,acteurs,785,785,Diverse web-enabled challenge,F,53
786,Pip,studios,786,786,Sharable reciprocal paradigm,M,21
787,Gerome,personnes,787,787,Robust analyzing system engine,M,79
788,Nada,clubs,788,788,Focused 4th generation paradigm,F,85
789,Norry,studios,789,789,Realigned stable task-force,F,61
790,Alberik,salle de cinéma,790,790,Customer-focused uniform system engine,M,49
791,Kaspar,personnes,791,791,Right-sized logistical encoding,M,22
792,Malory,personnes,792,792,Customizable transitional process improvement,F,21
793,Ulysses,festivals,793,793,Enhanced stable migration,M,18
794,Joly,clubs,794,794,Profound disintermediate concept,F,18
795,Aileen,clubs,795,795,Pre-emptive systematic methodology,F,31
796,Jamill,organisateurs,796,796,Sharable actuating open system,M,75
797,Erek,personnes,797,797,Programmable bifurcated middleware,M,36
798,Elsey,organisateurs,798,798,De-engineered human-resource circuit,F,49
799,Ugo,réalisateurs,799,799,Object-based national budgetary management,M,33
800,Lenard,organisateurs,800,800,Extended attitude-oriented artificial intelligence,M,83
801,Adda,personnes,801,801,Balanced user-facing hardware,F,51
802,Pablo,organisateurs,802,802,Fully-configurable neutral concept,M,51
803,Niccolo,organisateurs,803,803,Organized client-driven info-mediaries,M,81
804,Antonia,clubs,804,804,Assimilated secondary matrices,F,35
805,Diahann,personnes,805,805,Advanced zero tolerance software,F,57
806,Karl,réalisateurs,806,806,Innovative analyzing artificial intelligence,M,62
807,Duane,clubs,807,807,Exclusive context-sensitive forecast,M,34
808,Gardener,clubs,808,808,Polarised background pricing structure,M,37
809,Mick,organisateurs,809,809,Public-key 5th generation strategy,M,38
810,Mandel,acteurs,810,810,Re-contextualized full-range neural-net,M,23
811,Madelaine,festivals,811,811,De-engineered contextually-based archive,F,58
812,Byrann,organisateurs,812,812,Decentralized analyzing ability,M,71
813,Claybourne,clubs,813,813,Public-key global encoding,M,30
814,Karola,personnes,814,814,Operative explicit monitoring,F,45
815,Burke,personnes,815,815,Optional needs-based data-warehouse,M,60
816,Lauralee,personnes,816,816,Open-source encompassing budgetary management,F,56
817,Kaila,réalisateurs,817,817,Mandatory multi-tasking access,F,23
818,Zacharie,personnes,818,818,Team-oriented disintermediate leverage,M,35
819,Kania,studios,819,819,Front-line hybrid Graphical User Interface,F,36
820,Wally,personnes,820,820,Stand-alone full-range model,M,40
821,Artemus,festivals,821,821,Focused hybrid superstructure,M,18
822,Billie,organisateurs,822,822,Vision-oriented even-keeled standardization,M,30
823,Marjory,réalisateurs,823,823,User-centric 24 hour encryption,F,38
824,Hector,clubs,824,824,Persistent analyzing process improvement,M,82
825,Brenden,personnes,825,825,Customer-focused national workforce,M,24
826,Hoyt,salle de cinéma,826,826,Future-proofed multi-tasking info-mediaries,M,82
827,Anneliese,salle de cinéma,827,827,Re-engineered even-keeled matrix,F,21
828,Giraldo,festivals,828,828,Distributed 6th generation standardization,M,54
829,Ulla,personnes,829,829,Optimized heuristic archive,F,52
830,Devy,salle de cinéma,830,830,Focused bandwidth-monitored functionalities,M,59
831,Jeddy,clubs,831,831,Right-sized systemic orchestration,M,81
832,Packston,organisateurs,832,832,Digitized modular monitoring,M,21
833,Kelcey,studios,833,833,Object-based modular framework,F,61
834,Lombard,clubs,834,834,Advanced client-driven database,M,36
835,Valera,réalisateurs,835,835,Devolved client-server contingency,F,42
836,Olag,studios,836,836,Managed composite emulation,M,53
837,Josee,organisateurs,837,837,Fundamental composite adapter,F,74
838,Tommy,festivals,838,838,Sharable background data-warehouse,F,77
839,Jacquette,studios,839,839,Upgradable real-time adapter,F,77
840,Micah,clubs,840,840,Compatible fresh-thinking service-desk,M,23
841,Cristi,organisateurs,841,841,Reverse-engineered bifurcated artificial intelligence,F,77
842,Ilka,salle de cinéma,842,842,Horizontal value-added system engine,F,45
843,Patten,personnes,843,843,Business-focused logistical neural-net,M,28
844,Godard,clubs,844,844,Progressive grid-enabled paradigm,M,63
845,Coletta,festivals,845,845,Automated local application,F,48
846,Hamid,salle de cinéma,846,846,Synergistic holistic strategy,M,74
847,Flint,acteurs,847,847,Networked attitude-oriented project,M,19
848,Wallie,organisateurs,848,848,Future-proofed logistical capacity,F,32
849,Bevin,clubs,849,849,Centralized optimizing intranet,M,67
850,Rebeca,acteurs,850,850,Enhanced demand-driven ability,F,51
851,Spence,festivals,851,851,Expanded scalable protocol,M,37
852,Ludvig,clubs,852,852,Multi-lateral neutral emulation,M,54
853,Armando,studios,853,853,Switchable zero tolerance knowledge base,M,82
854,Durand,acteurs,854,854,Team-oriented systemic throughput,M,30
855,Salome,réalisateurs,855,855,Seamless grid-enabled structure,F,40
856,Liv,organisateurs,856,856,Ergonomic holistic artificial intelligence,F,72
857,Cash,festivals,857,857,Cross-group background ability,M,50
858,Ogden,acteurs,858,858,Fully-configurable human-resource Graphic Interface,M,83
859,Axe,salle de cinéma,859,859,Front-line motivating installation,M,52
860,Martguerita,festivals,860,860,Total uniform archive,F,83
861,Jo,studios,861,861,Pre-emptive heuristic internet solution,M,81
862,Hettie,festivals,862,862,User-centric attitude-oriented system engine,F,19
863,Tine,festivals,863,863,Digitized multi-state support,F,46
864,Xena,clubs,864,864,Expanded disintermediate solution,F,31
865,Waylen,personnes,865,865,Front-line national database,M,57
866,Lauren,festivals,866,866,Inverse bandwidth-monitored workforce,F,82
867,Ring,festivals,867,867,Virtual 3rd generation forecast,M,63
868,Hanson,réalisateurs,868,868,Polarised interactive internet solution,M,66
869,Laura,salle de cinéma,869,869,Devolved non-volatile challenge,F,80
870,Brandyn,salle de cinéma,870,870,Compatible mobile archive,M,66
871,Sileas,festivals,871,871,Object-based 3rd generation middleware,F,37
872,Poul,acteurs,872,872,Visionary executive infrastructure,M,78
873,Suellen,clubs,873,873,Re-contextualized web-enabled structure,F,61
874,Ogden,réalisateurs,874,874,Centralized fault-tolerant support,M,58
875,Helga,salle de cinéma,875,875,Compatible encompassing artificial intelligence,F,34
876,Adrian,studios,876,876,Reverse-engineered multi-tasking concept,F,21
877,Bone,acteurs,877,877,Monitored systemic benchmark,M,69
878,Nani,clubs,878,878,Realigned discrete website,F,30
879,Gerald,réalisateurs,879,879,Advanced web-enabled encoding,M,70
880,Granthem,organisateurs,880,880,Secured full-range synergy,M,66
881,Callean,réalisateurs,881,881,Multi-channelled holistic help-desk,M,19
882,Darleen,personnes,882,882,Polarised executive productivity,F,38
883,Carley,personnes,883,883,Integrated responsive website,F,36
884,Dinny,acteurs,884,884,Ergonomic asynchronous parallelism,F,21
885,Nealy,réalisateurs,885,885,User-friendly coherent application,M,46
886,Lora,salle de cinéma,886,886,Exclusive heuristic protocol,F,65
887,Atlanta,studios,887,887,Universal static orchestration,F,55
888,Ewen,réalisateurs,888,888,Virtual foreground firmware,M,24
889,Niels,salle de cinéma,889,889,Robust bandwidth-monitored policy,M,83
890,Ellswerth,acteurs,890,890,Down-sized even-keeled adapter,M,34
891,Pepi,festivals,891,891,Cross-platform hybrid adapter,F,54
892,Alina,personnes,892,892,Grass-roots cohesive firmware,F,68
893,Mabelle,salle de cinéma,893,893,Inverse empowering encryption,F,24
894,Melisandra,salle de cinéma,894,894,Versatile heuristic instruction set,F,70
895,Kerry,réalisateurs,895,895,Digitized homogeneous moderator,M,72
896,Beauregard,studios,896,896,Enhanced empowering time-frame,M,54
897,Zacharias,acteurs,897,897,Down-sized optimal throughput,M,51
898,Lisabeth,organisateurs,898,898,Progressive reciprocal portal,F,36
899,Loutitia,studios,899,899,Proactive executive toolset,F,56
900,Iggy,personnes,900,900,Optimized fault-tolerant workforce,M,85
901,Danella,clubs,901,901,Grass-roots well-modulated application,F,76
902,Wood,personnes,902,902,Diverse national groupware,M,72
903,Amble,acteurs,903,903,Innovative fresh-thinking migration,M,76
904,Dora,acteurs,904,904,Down-sized exuding installation,F,58
905,Colene,organisateurs,905,905,Pre-emptive methodical adapter,F,26
906,Peta,clubs,906,906,Vision-oriented intermediate policy,F,75
907,Pip,studios,907,907,Advanced high-level hierarchy,M,74
908,Reinold,personnes,908,908,Progressive client-server access,M,47
909,Wat,organisateurs,909,909,Cloned zero defect interface,M,81
910,Gerta,studios,910,910,De-engineered next generation extranet,F,55
911,Jackie,organisateurs,911,911,Ameliorated hybrid success,M,50
912,Winston,acteurs,912,912,Profound 5th generation encoding,M,39
913,Loreen,organisateurs,913,913,Persevering optimal encryption,F,23
914,Izak,acteurs,914,914,Advanced zero administration methodology,M,32
915,Natka,acteurs,915,915,Future-proofed bi-directional capability,F,71
916,Cesya,clubs,916,916,Visionary secondary success,F,60
917,Harald,clubs,917,917,Integrated 24/7 migration,M,63
918,Winston,réalisateurs,918,918,Reactive radical migration,M,76
919,Jinny,festivals,919,919,Down-sized maximized migration,F,68
920,Karmen,studios,920,920,Innovative 24 hour website,F,76
921,Johnathon,salle de cinéma,921,921,User-centric motivating access,M,72
922,Jemmie,studios,922,922,Automated hybrid utilisation,F,59
923,Catherine,clubs,923,923,Progressive demand-driven moratorium,F,32
924,Linus,acteurs,924,924,Open-source zero administration leverage,M,36
925,Catlaina,organisateurs,925,925,Assimilated modular database,F,26
926,Isaak,festivals,926,926,Inverse 24 hour benchmark,M,23
927,Fidelia,salle de cinéma,927,927,Pre-emptive non-volatile analyzer,F,78
928,Cornell,studios,928,928,Re-contextualized content-based strategy,M,71
929,Colene,salle de cinéma,929,929,Upgradable heuristic standardization,F,58
930,Maighdiln,organisateurs,930,930,Fundamental bandwidth-monitored approach,F,28
931,Valerye,réalisateurs,931,931,Universal radical task-force,F,70
932,Daniela,clubs,932,932,Cross-platform tangible neural-net,F,29
933,Anatol,acteurs,933,933,Organized 6th generation capacity,M,80
934,Donny,personnes,934,934,Reactive human-resource contingency,M,66
935,Carmen,salle de cinéma,935,935,Cross-group secondary emulation,F,39
936,Bridget,studios,936,936,Distributed reciprocal policy,F,50
937,Lolly,acteurs,937,937,Object-based real-time functionalities,F,64
938,Peggie,festivals,938,938,Grass-roots demand-driven portal,F,40
939,Hiram,organisateurs,939,939,Sharable maximized function,M,19
940,Ronnica,salle de cinéma,940,940,Profound intermediate customer loyalty,F,43
941,Gasper,clubs,941,941,Devolved intangible system engine,M,20
942,Preston,personnes,942,942,Focused systemic installation,M,54
943,Dora,clubs,943,943,Re-engineered fresh-thinking matrix,F,31
944,Celinka,acteurs,944,944,Reduced upward-trending analyzer,F,62
945,Dennie,personnes,945,945,Fundamental coherent utilisation,F,28
946,Cello,studios,946,946,Streamlined multimedia product,M,50
947,Toddy,réalisateurs,947,947,Synergized human-resource initiative,M,65
948,Vivyanne,salle de cinéma,948,948,Horizontal real-time complexity,F,68
949,Frankie,studios,949,949,Universal heuristic throughput,F,73
950,Lauren,réalisateurs,950,950,Profit-focused uniform challenge,F,83
951,Arlyne,acteurs,951,951,Cross-group tertiary encoding,F,44
952,Timotheus,réalisateurs,952,952,Multi-tiered directional superstructure,M,60
953,Hershel,salle de cinéma,953,953,Advanced zero tolerance groupware,M,26
954,Ezechiel,acteurs,954,954,Secured bottom-line definition,M,19
955,Ann-marie,acteurs,955,955,Triple-buffered empowering knowledge user,F,76
956,Quinton,acteurs,956,956,Realigned high-level policy,M,18
957,Kacey,réalisateurs,957,957,Innovative multi-tasking process improvement,F,27
958,Ellerey,clubs,958,958,Organized radical structure,M,28
959,Gabriel,réalisateurs,959,959,Persistent high-level concept,F,53
960,Lula,personnes,960,960,Up-sized exuding framework,F,74
961,Beaufort,studios,961,961,Upgradable 4th generation structure,M,52
962,Aubrey,festivals,962,962,Synergistic 24 hour initiative,F,59
963,Kurt,personnes,963,963,Virtual uniform archive,M,53
964,Ronni,studios,964,964,Reactive dynamic migration,F,54
965,Heindrick,studios,965,965,Integrated executive hardware,M,66
966,Garner,organisateurs,966,966,Synergistic multi-state approach,M,47
967,Dewitt,studios,967,967,Organized encompassing collaboration,M,30
968,Lolita,organisateurs,968,968,Adaptive system-worthy interface,F,76
969,Eustace,clubs,969,969,Versatile cohesive implementation,M,32
970,Elberta,studios,970,970,Synchronised 24 hour model,F,24
971,Tate,clubs,971,971,Innovative analyzing budgetary management,F,45
972,Dino,festivals,972,972,Seamless 24/7 forecast,M,34
973,Jeniffer,festivals,973,973,Re-contextualized modular contingency,F,33
974,Paquito,acteurs,974,974,Right-sized impactful monitoring,M,38
975,Ranique,salle de cinéma,975,975,Progressive systematic knowledge user,F,68
976,Rhys,studios,976,976,Re-engineered eco-centric migration,M,58
977,Pearline,personnes,977,977,Exclusive heuristic monitoring,F,49
978,Carmencita,festivals,978,978,Programmable disintermediate adapter,F,29
979,Slade,organisateurs,979,979,Public-key mission-critical secured line,M,84
980,Vikki,salle de cinéma,980,980,Persistent 3rd generation adapter,F,54
981,Kevon,studios,981,981,Secured upward-trending interface,M,70
982,Joella,festivals,982,982,Team-oriented multi-tasking initiative,F,82
983,Michal,clubs,983,983,Adaptive web-enabled complexity,M,81
984,Vale,festivals,984,984,Innovative optimizing service-desk,F,75
985,Guenna,studios,985,985,Horizontal human-resource analyzer,F,64
986,Stephenie,clubs,986,986,Grass-roots modular parallelism,F,38
987,Ryun,festivals,987,987,Assimilated intangible utilisation,M,24
988,Beatrisa,réalisateurs,988,988,Business-focused local matrix,F,85
989,Ingemar,festivals,989,989,Managed directional website,M,24
990,Barbee,studios,990,990,Universal stable utilisation,F,32
991,Barney,acteurs,991,991,Quality-focused intermediate hardware,M,58
992,Debi,salle de cinéma,992,992,Persevering hybrid attitude,F,70
993,Fairlie,studios,993,993,Ergonomic bottom-line extranet,M,67
994,Theodore,personnes,994,994,Profit-focused 4th generation challenge,M,54
995,Dionis,clubs,995,995,Enterprise-wide empowering intranet,F,64
996,Kirk,salle de cinéma,996,996,Adaptive 6th generation matrices,M,39
997,Hedwiga,réalisateurs,997,997,Operative secondary Graphic Interface,F,61
998,Calypso,organisateurs,998,998,Reduced eco-centric hierarchy,F,59
999,Vinnie,acteurs,999,999,Mandatory radical product,M,71
1000,Bryanty,réalisateurs,1000,1000,Universal 5th generation adapter,M,53
